BIN1_CHR	BIN1_START	BIN1_END	BIN2_CHROMOSOME	BIN2_START	BIN2_END
X	2973600	2974400	X	3027200	3028000
2L	3539200	3540000	2L	3580800	3581600
X	8518400	8519200	X	8533600	8534400
3R	28865600	28866400	3R	28884800	28885600
3L	43200	44000	3L	123200	124000
3L	6982400	6983200	3L	6992800	6993600
3R	16719200	16720000	3R	16730400	16731200
3L	17466400	17467200	3L	17473600	17474400
X	10746400	10747200	X	10762400	10763200
3R	9276000	9276800	3R	9325600	9326400
X	14426400	14427200	X	14512800	14513600
X	3136000	3136800	X	3161600	3162400
3R	15094400	15095200	3R	15147200	15148000
2R	4824800	4825600	2R	5089600	5090400
2R	18972000	18972800	2R	19139200	19140000
2R	11475200	11476000	2R	11528000	11528800
3R	27948000	27948800	3R	28335200	28336000
X	14388000	14388800	X	14512800	14513600
3R	22448800	22449600	3R	22460000	22460800
2L	1420800	1421600	2L	1460800	1461600
3L	15700000	15700800	3L	15728800	15729600
3R	16404000	16404800	3R	16413600	16414400
2L	15753600	15754400	2L	15759200	15760000
X	7297600	7298400	X	7320800	7321600
3R	16868800	16869600	3R	16969600	16970400
2L	2492800	2493600	2L	2579200	2580000
3R	17168800	17169600	3R	17495200	17496000
3L	5366400	5367200	3L	5561600	5562400
2R	15438400	15439200	2R	15608000	15608800
2L	7827200	7828000	2L	8042400	8043200
2R	9578400	9579200	2R	9692000	9692800
2L	16352000	16352800	2L	16491200	16492000
2L	9176000	9176800	2L	9204000	9204800
3L	3288000	3288800	3L	3616000	3616800
3R	26044000	26044800	3R	26050400	26051200
3R	5862400	5863200	3R	6008800	6009600
2L	21828000	21828800	2L	22023200	22024000
2R	11592800	11593600	2R	11604000	11604800
2R	8272800	8273600	2R	8326400	8327200
2R	22678400	22679200	2R	22688800	22689600
3L	1536800	1537600	3L	1568800	1569600
2L	17735200	17736000	2L	17752800	17753600
3L	7528000	7528800	3L	7725600	7726400
3R	7304000	7304800	3R	7345600	7346400
2R	16207200	16208000	2R	16218400	16219200
3R	25250400	25251200	3R	25257600	25258400
X	6268800	6269600	X	6275200	6276000
X	7300000	7300800	X	7306400	7307200
2R	13486400	13487200	2R	13493600	13494400
3L	9478400	9479200	3L	9484800	9485600
2R	8019200	8020000	2R	8030400	8031200
3L	2028800	2029600	3L	2284000	2284800
3R	13449600	13450400	3R	13538400	13539200
3R	5592800	5593600	3R	5598400	5599200
X	17822400	17823200	X	17825600	17826400
3R	29556000	29556800	3R	29690400	29691200
3L	9511200	9512000	3L	9629600	9630400
2R	15890400	15891200	2R	15920800	15921600
3L	11825600	11826400	3L	12119200	12120000
3L	12652000	12652800	3L	12731200	12732000
3R	15888800	15889600	3R	15913600	15914400
3R	15793600	15794400	3R	15972800	15973600
X	8190400	8191200	X	8209600	8210400
2R	21763200	21764000	2R	22040000	22040800
2R	12704800	12705600	2R	12742400	12743200
3R	29056800	29057600	3R	29061600	29062400
2R	24369600	24370400	2R	24543200	24544000
2R	12020000	12020800	2R	12024800	12025600
3L	9868800	9869600	3L	9885600	9886400
3L	19423200	19424000	3L	19477600	19478400
2L	15265600	15266400	2L	15270400	15271200
X	9284000	9284800	X	9305600	9306400
2R	15383200	15384000	2R	15521600	15522400
3R	16207200	16208000	3R	16249600	16250400
3R	9810400	9811200	3R	9867200	9868000
X	8256800	8257600	X	8317600	8318400
2R	14617600	14618400	2R	14752800	14753600
X	5085600	5086400	X	5294400	5295200
X	12084800	12085600	X	12389600	12390400
X	8266400	8267200	X	8296800	8297600
X	7306400	7307200	X	7320000	7320800
X	12660800	12661600	X	12673600	12674400
3R	25708000	25708800	3R	25844000	25844800
2R	11710400	11711200	2R	11810400	11811200
3R	21351200	21352000	3R	21357600	21358400
X	1513600	1514400	X	1772800	1773600
3L	12580000	12580800	3L	12608800	12609600
2R	7390400	7391200	2R	7405600	7406400
3L	14944800	14945600	3L	14972800	14973600
X	5993600	5994400	X	6024000	6024800
2R	13230400	13231200	2R	13431200	13432000
3L	12433600	12434400	3L	12467200	12468000
3R	10901600	10902400	3R	11194400	11195200
X	19162400	19163200	X	19175200	19176000
3L	21843200	21844000	3L	21879200	21880000
X	10087200	10088000	X	10212000	10212800
2L	20120800	20121600	2L	20428800	20429600
X	18085600	18086400	X	18136800	18137600
3L	16743200	16744000	3L	16764800	16765600
3L	2589600	2590400	3L	2632000	2632800
X	18505600	18506400	X	18774400	18775200
2L	19820000	19820800	2L	19860000	19860800
3L	12609600	12610400	3L	12692800	12693600
3R	12679200	12680000	3R	12690400	12691200
3R	29064000	29064800	3R	29087200	29088000
2L	8074400	8075200	2L	8080000	8080800
3L	3227200	3228000	3L	3234400	3235200
2R	21735200	21736000	2R	22009600	22010400
3R	22839200	22840000	3R	22897600	22898400
2L	6178400	6179200	2L	6252000	6252800
3L	6789600	6790400	3L	6904000	6904800
3L	12418400	12419200	3L	12470400	12471200
X	15715200	15716000	X	15728000	15728800
X	17312000	17312800	X	17396800	17397600
3R	30024000	30024800	3R	30035200	30036000
2R	6152800	6153600	2R	6165600	6166400
X	4589600	4590400	X	4616800	4617600
X	10087200	10088000	X	10116000	10116800
X	7121600	7122400	X	7153600	7154400
3R	31688800	31689600	3R	31713600	31714400
3R	16748000	16748800	3R	16797600	16798400
X	11171200	11172000	X	11304800	11305600
X	18665600	18666400	X	18692800	18693600
X	19352800	19353600	X	19360800	19361600
3R	26106400	26107200	3R	26259200	26260000
X	20528000	20528800	X	20574400	20575200
3R	10916800	10917600	3R	11147200	11148000
3R	4052800	4053600	3R	4082400	4083200
3L	4244000	4244800	3L	4250400	4251200
2L	627200	628000	2L	808000	808800
2R	13045600	13046400	2R	13128000	13128800
3R	28801600	28802400	3R	29345600	29346400
3R	13645600	13646400	3R	13684000	13684800
2R	12958400	12959200	2R	12984800	12985600
X	16447200	16448000	X	16598400	16599200
3R	9872800	9873600	3R	9978400	9979200
X	8267200	8268000	X	8368800	8369600
3R	4976000	4976800	3R	5086400	5087200
3L	22940000	22940800	3L	22958400	22959200
2R	12884000	12884800	2R	12904000	12904800
X	8456000	8456800	X	8464800	8465600
X	11325600	11326400	X	11338400	11339200
2R	4939200	4940000	2R	4972800	4973600
2R	6036800	6037600	2R	6151200	6152000
X	7114400	7115200	X	7138400	7139200
2R	25214400	25215200	2R	25225600	25226400
3R	13214400	13215200	3R	13372000	13372800
3R	16656000	16656800	3R	16797600	16798400
2L	12064800	12065600	2L	12091200	12092000
2R	10918400	10919200	2R	11116000	11116800
3L	1997600	1998400	3L	2228000	2228800
X	6987200	6988000	X	6997600	6998400
3R	13876800	13877600	3R	13901600	13902400
3R	12848000	12848800	3R	12915200	12916000
2R	22970400	22971200	2R	22998400	22999200
3R	6932800	6933600	3R	6969600	6970400
2L	15332800	15333600	2L	15425600	15426400
2R	23228800	23229600	2R	23286400	23287200
X	11532000	11532800	X	11559200	11560000
2L	14262400	14263200	2L	14287200	14288000
X	15997600	15998400	X	16003200	16004000
3L	7553600	7554400	3L	7604800	7605600
3L	12652800	12653600	3L	12692800	12693600
3L	15118400	15119200	3L	15133600	15134400
3R	20253600	20254400	3R	20284800	20285600
2L	2582400	2583200	2L	2747200	2748000
2L	20862400	20863200	2L	20928800	20929600
3R	29040000	29040800	3R	29148000	29148800
2R	12982400	12983200	2R	13040800	13041600
3R	21388000	21388800	3R	21557600	21558400
3R	28544800	28545600	3R	28635200	28636000
X	17636800	17637600	X	17649600	17650400
3R	6648000	6648800	3R	6655200	6656000
2L	6117600	6118400	2L	6304000	6304800
3L	14792000	14792800	3L	14799200	14800000
2L	12586400	12587200	2L	12617600	12618400
2R	6220800	6221600	2R	6235200	6236000
3L	22268800	22269600	3L	22284800	22285600
X	1882400	1883200	X	1888000	1888800
2L	18714400	18715200	2L	18776000	18776800
2R	14644800	14645600	2R	14751200	14752000
3R	17719200	17720000	3R	17793600	17794400
X	4629600	4630400	X	4633600	4634400
2L	252800	253600	2L	270400	271200
2L	7057600	7058400	2L	7061600	7062400
3L	7781600	7782400	3L	7804000	7804800
X	844000	844800	X	1286400	1287200
X	14388000	14388800	X	14427200	14428000
3R	29495200	29496000	3R	29501600	29502400
2L	12617600	12618400	2L	12678400	12679200
X	6981600	6982400	X	6998400	6999200
2L	7133600	7134400	2L	7157600	7158400
3R	7393600	7394400	3R	7639200	7640000
X	17704000	17704800	X	17708000	17708800
3L	19105600	19106400	3L	19128800	19129600
3R	14894400	14895200	3R	15095200	15096000
3R	26452000	26452800	3R	26716800	26717600
3L	19423200	19424000	3L	19488000	19488800
3R	19239200	19240000	3R	19777600	19778400
X	12021600	12022400	X	12027200	12028000
3R	7095200	7096000	3R	7100800	7101600
X	648800	649600	X	653600	654400
X	6602400	6603200	X	6624800	6625600
X	16220800	16221600	X	16237600	16238400
X	7444800	7445600	X	7605600	7606400
2R	14084000	14084800	2R	14116800	14117600
X	9795200	9796000	X	9939200	9940000
2R	7975200	7976000	2R	7986400	7987200
X	2124800	2125600	X	2140000	2140800
3R	9040800	9041600	3R	9045600	9046400
2R	18588800	18589600	2R	18604800	18605600
3R	18985600	18986400	3R	19012000	19012800
X	14469600	14470400	X	14512800	14513600
3R	26868000	26868800	3R	26874400	26875200
X	12764800	12765600	X	13090400	13091200
X	13414400	13415200	X	13419200	13420000
X	4412000	4412800	X	4508000	4508800
2L	19589600	19590400	2L	20228800	20229600
3R	27683200	27684000	3R	27693600	27694400
3R	30766400	30767200	3R	30781600	30782400
X	5886400	5887200	X	5900000	5900800
2L	9019200	9020000	2L	9071200	9072000
3R	10913600	10914400	3R	11180800	11181600
X	5817600	5818400	X	5867200	5868000
X	8273600	8274400	X	8398400	8399200
2R	21972800	21973600	2R	22060000	22060800
X	1952800	1953600	X	2005600	2006400
2R	14963200	14964000	2R	14980800	14981600
2L	144800	145600	2L	152800	153600
2R	7635200	7636000	2R	7783200	7784000
2R	13992000	13992800	2R	14001600	14002400
X	2081600	2082400	X	2092000	2092800
4	610400	611200	4	660800	661600
2L	3422400	3423200	2L	3440800	3441600
3R	23894400	23895200	3R	23919200	23920000
3R	8866400	8867200	3R	8920000	8920800
2R	7941600	7942400	2R	7953600	7954400
X	20776000	20776800	X	21006400	21007200
X	11154400	11155200	X	11340800	11341600
X	5979200	5980000	X	6023200	6024000
2L	6492000	6492800	2L	6496800	6497600
2L	9520800	9521600	2L	9699200	9700000
2L	6536000	6536800	2L	6547200	6548000
3L	19702400	19703200	3L	19782400	19783200
X	149600	150400	X	293600	294400
2L	12438400	12439200	2L	12450400	12451200
2R	21253600	21254400	2R	21277600	21278400
3L	10243200	10244000	3L	10322400	10323200
2L	7827200	7828000	2L	7885600	7886400
2L	870400	871200	2L	1077600	1078400
3R	6407200	6408000	3R	6424800	6425600
3R	12962400	12963200	3R	12979200	12980000
2L	22537600	22538400	2L	22981600	22982400
X	4937600	4938400	X	5084000	5084800
X	14653600	14654400	X	14749600	14750400
X	20257600	20258400	X	20364800	20365600
X	17345600	17346400	X	17396800	17397600
2R	21524000	21524800	2R	21533600	21534400
X	6533600	6534400	X	6653600	6654400
2L	12550400	12551200	2L	12572000	12572800
3L	11248000	11248800	3L	11428800	11429600
2R	19426400	19427200	2R	19435200	19436000
2R	17881600	17882400	2R	18088000	18088800
3R	4980000	4980800	3R	5120800	5121600
3R	23825600	23826400	3R	23847200	23848000
2R	4130400	4131200	2R	4188000	4188800
X	6379200	6380000	X	6510400	6511200
2L	12013600	12014400	2L	12019200	12020000
3R	14108000	14108800	3R	14278400	14279200
2L	3000800	3001600	2L	3016800	3017600
X	16793600	16794400	X	17141600	17142400
2R	17119200	17120000	2R	17124800	17125600
3L	11251200	11252000	3L	11416800	11417600
2L	10990400	10991200	2L	11001600	11002400
3R	30467200	30468000	3R	30600800	30601600
X	5712000	5712800	X	5845600	5846400
3L	14274400	14275200	3L	14409600	14410400
3R	6852800	6853600	3R	6872000	6872800
3R	12783200	12784000	3R	12915200	12916000
X	12584800	12585600	X	12590400	12591200
X	19867200	19868000	X	19886400	19887200
3R	8348800	8349600	3R	8566400	8567200
2L	3095200	3096000	2L	3107200	3108000
2R	11604000	11604800	2R	11615200	11616000
3R	20735200	20736000	3R	20761600	20762400
3L	1367200	1368000	3L	1463200	1464000
X	18929600	18930400	X	19028000	19028800
X	6403200	6404000	X	6484800	6485600
2R	11708800	11709600	2R	11788800	11789600
X	6854400	6855200	X	6868000	6868800
2L	6076000	6076800	2L	6090400	6091200
2L	16422400	16423200	2L	16485600	16486400
2R	12439200	12440000	2R	12448800	12449600
2L	1954400	1955200	2L	1972000	1972800
X	1374400	1375200	X	1461600	1462400
2L	9997600	9998400	2L	10001600	10002400
3R	15096800	15097600	3R	15129600	15130400
3R	14346400	14347200	3R	14372800	14373600
2L	6156000	6156800	2L	6312800	6313600
2L	5565600	5566400	2L	5657600	5658400
2R	12616000	12616800	2R	12624000	12624800
3R	21632800	21633600	3R	21660000	21660800
X	9092800	9093600	X	9105600	9106400
X	9143200	9144000	X	9147200	9148000
2L	16049600	16050400	2L	16197600	16198400
X	5531200	5532000	X	5603200	5604000
3L	17988800	17989600	3L	18018400	18019200
2R	11755200	11756000	2R	11789600	11790400
4	1027200	1028000	4	1122400	1123200
X	11696000	11696800	X	11708000	11708800
3L	11287200	11288000	3L	11431200	11432000
2R	8232800	8233600	2R	8244800	8245600
3R	14921600	14922400	3R	15179200	15180000
X	8624800	8625600	X	8650400	8651200
2L	3539200	3540000	2L	3612800	3613600
2R	13223200	13224000	2R	13448800	13449600
3R	23820000	23820800	3R	23889600	23890400
2R	19802400	19803200	2R	20000000	20000800
4	132000	132800	4	210400	211200
X	630400	631200	X	634400	635200
2R	10535200	10536000	2R	10554400	10555200
3R	21605600	21606400	3R	21617600	21618400
3R	16898400	16899200	3R	16918400	16919200
3R	17628000	17628800	3R	17644800	17645600
X	13994400	13995200	X	14037600	14038400
X	8517600	8518400	X	8560000	8560800
3L	2533600	2534400	3L	2548800	2549600
2R	7352000	7352800	2R	7381600	7382400
3R	10967200	10968000	3R	11195200	11196000
X	3741600	3742400	X	3776800	3777600
2L	11580800	11581600	2L	11765600	11766400
2L	13644000	13644800	2L	13755200	13756000
2L	6124000	6124800	2L	6423200	6424000
X	7736000	7736800	X	7892800	7893600
3L	3682400	3683200	3L	3710400	3711200
2R	13621600	13622400	2R	13823200	13824000
2L	3373600	3374400	2L	3452000	3452800
2R	14073600	14074400	2R	14113600	14114400
3L	12509600	12510400	3L	12522400	12523200
3R	17920000	17920800	3R	17943200	17944000
2L	2760800	2761600	2L	2764800	2765600
2L	5288000	5288800	2L	5304800	5305600
2L	5102400	5103200	2L	5169600	5170400
2L	14094400	14095200	2L	14160000	14160800
2R	24876000	24876800	2R	24880800	24881600
2L	13795200	13796000	2L	13809600	13810400
3R	9259200	9260000	3R	9334400	9335200
2L	13020800	13021600	2L	13165600	13166400
2L	15864800	15865600	2L	15882400	15883200
2R	22594400	22595200	2R	22651200	22652000
2R	12595200	12596000	2R	12609600	12610400
2L	9581600	9582400	2L	9607200	9608000
X	5560000	5560800	X	5593600	5594400
2L	7071200	7072000	2L	7140000	7140800
2R	16960800	16961600	2R	16973600	16974400
X	8757600	8758400	X	8805600	8806400
2R	21732000	21732800	2R	22049600	22050400
3R	4884000	4884800	3R	4898400	4899200
2L	3539200	3540000	2L	3606400	3607200
X	5084000	5084800	X	5420000	5420800
2R	14870400	14871200	2R	14980800	14981600
X	8723200	8724000	X	8836000	8836800
3R	6848800	6849600	3R	6892800	6893600
3L	16006400	16007200	3L	16009600	16010400
X	8400800	8401600	X	8405600	8406400
3R	24359200	24360000	3R	24529600	24530400
2L	8740800	8741600	2L	8888800	8889600
2L	6325600	6326400	2L	6336000	6336800
3L	14764000	14764800	3L	14773600	14774400
3R	23349600	23350400	3R	23354400	23355200
2R	11592800	11593600	2R	11615200	11616000
3R	13677600	13678400	3R	13681600	13682400
3L	7912000	7912800	3L	7978400	7979200
X	6000800	6001600	X	6013600	6014400
X	2390400	2391200	X	2410400	2411200
2R	20884000	20884800	2R	20937600	20938400
2R	6162400	6163200	2R	6190400	6191200
X	8980000	8980800	X	9016800	9017600
X	4206400	4207200	X	4280800	4281600
3R	6913600	6914400	3R	6965600	6966400
2R	13063200	13064000	2R	13117600	13118400
3L	19663200	19664000	3L	19682400	19683200
3R	15966400	15967200	3R	15971200	15972000
3R	25650400	25651200	3R	25659200	25660000
4	571200	572000	4	662400	663200
X	4507200	4508000	X	4528800	4529600
4	359200	360000	4	444000	444800
2L	8032000	8032800	2L	8038400	8039200
2R	16672800	16673600	2R	16800000	16800800
3R	13000000	13000800	3R	13008800	13009600
2L	22130400	22131200	2L	22168800	22169600
4	404000	404800	4	424800	425600
3R	16920000	16920800	3R	16948000	16948800
2L	22663200	22664000	2L	22733600	22734400
3L	20620800	20621600	3L	20695200	20696000
X	16968000	16968800	X	17077600	17078400
3R	31060800	31061600	3R	31219200	31220000
2L	10010400	10011200	2L	10198400	10199200
X	5712000	5712800	X	5867200	5868000
3R	25080000	25080800	3R	25094400	25095200
3R	14167200	14168000	3R	14250400	14251200
X	20792800	20793600	X	20986400	20987200
3R	6911200	6912000	3R	6973600	6974400
3R	28888800	28889600	3R	29039200	29040000
X	17150400	17151200	X	17157600	17158400
3L	4371200	4372000	3L	4401600	4402400
3R	25706400	25707200	3R	25744800	25745600
3R	30600800	30601600	3R	30788800	30789600
X	13194400	13195200	X	13241600	13242400
3L	2408800	2409600	3L	2531200	2532000
3R	8808800	8809600	3R	8819200	8820000
3R	21159200	21160000	3R	21177600	21178400
2L	2236800	2237600	2L	2364800	2365600
2R	13586400	13587200	2R	13828000	13828800
2R	21160800	21161600	2R	21182400	21183200
X	11371200	11372000	X	11387200	11388000
3L	1367200	1368000	3L	1473600	1474400
3R	31489600	31490400	3R	31521600	31522400
2L	1204000	1204800	2L	1350400	1351200
3R	27264000	27264800	3R	27271200	27272000
2R	21048000	21048800	2R	21056000	21056800
3R	10905600	10906400	3R	11145600	11146400
2R	7859200	7860000	2R	7912000	7912800
2L	6482400	6483200	2L	6487200	6488000
2L	17603200	17604000	2L	17715200	17716000
3L	21604000	21604800	3L	21652000	21652800
2L	8404800	8405600	2L	8413600	8414400
3R	8181600	8182400	3R	8190400	8191200
2R	13432800	13433600	2R	13436800	13437600
X	11164000	11164800	X	11321600	11322400
X	5120000	5120800	X	5264000	5264800
2R	17520800	17521600	2R	17532800	17533600
X	7015200	7016000	X	7066400	7067200
3L	13113600	13114400	3L	13228000	13228800
2L	4455200	4456000	2L	4838400	4839200
X	12350400	12351200	X	12388800	12389600
2L	856800	857600	2L	864000	864800
2R	16858400	16859200	2R	16865600	16866400
2R	20995200	20996000	2R	21056800	21057600
3L	9004800	9005600	3L	9019200	9020000
3L	17805600	17806400	3L	17842400	17843200
2L	5403200	5404000	2L	5460800	5461600
3R	11254400	11255200	3R	11372000	11372800
3L	19140800	19141600	3L	19516000	19516800
3R	30616000	30616800	3R	30764800	30765600
3L	15144000	15144800	3L	15158400	15159200
2R	17870400	17871200	2R	18157600	18158400
2R	21772800	21773600	2R	22027200	22028000
X	3676800	3677600	X	3695200	3696000
2L	6039200	6040000	2L	6045600	6046400
2L	3231200	3232000	2L	3265600	3266400
3R	12395200	12396000	3R	12403200	12404000
3L	14131200	14132000	3L	14177600	14178400
3R	17720800	17721600	3R	17731200	17732000
X	6349600	6350400	X	6526400	6527200
3R	15321600	15322400	3R	15327200	15328000
2L	11358400	11359200	2L	11447200	11448000
3R	31688800	31689600	3R	31724800	31725600
2R	13585600	13586400	2R	13590400	13591200
X	4823200	4824000	X	4871200	4872000
3R	11352800	11353600	3R	11372000	11372800
3R	16050400	16051200	3R	16098400	16099200
X	7349600	7350400	X	7522400	7523200
2R	17264800	17265600	2R	17335200	17336000
3R	9418400	9419200	3R	9428000	9428800
3R	25097600	25098400	3R	25121600	25122400
X	15555200	15556000	X	15575200	15576000
2R	6171200	6172000	2R	6189600	6190400
3R	21580800	21581600	3R	21618400	21619200
3L	18063200	18064000	3L	18087200	18088000
X	10325600	10326400	X	10366400	10367200
3L	11224800	11225600	3L	11511200	11512000
X	10919200	10920000	X	11040800	11041600
X	3485600	3486400	X	3572000	3572800
X	20394400	20395200	X	20423200	20424000
3R	28047200	28048000	3R	28146400	28147200
3L	22408000	22408800	3L	22572000	22572800
X	19581600	19582400	X	19594400	19595200
2L	12520800	12521600	2L	12545600	12546400
2R	12919200	12920000	2R	12932800	12933600
2R	16579200	16580000	2R	16584000	16584800
3R	16734400	16735200	3R	16829600	16830400
3L	377600	378400	3L	432000	432800
3L	17128800	17129600	3L	17292000	17292800
X	369600	370400	X	395200	396000
X	9690400	9691200	X	9776800	9777600
X	14426400	14427200	X	14469600	14470400
2R	20914400	20915200	2R	20960800	20961600
4	314400	315200	4	359200	360000
3L	11428800	11429600	3L	11486400	11487200
2R	23110400	23111200	2R	23325600	23326400
3R	21224000	21224800	3R	21268000	21268800
X	2391200	2392000	X	2416800	2417600
2R	16595200	16596000	2R	16672000	16672800
2R	22693600	22694400	2R	22698400	22699200
3R	13034400	13035200	3R	13049600	13050400
X	6896800	6897600	X	6926400	6927200
X	16921600	16922400	X	17057600	17058400
3L	9988800	9989600	3L	10182400	10183200
X	22653600	22654400	X	22918400	22919200
2L	22644000	22644800	2L	22733600	22734400
X	16448000	16448800	X	16636800	16637600
X	13288000	13288800	X	13337600	13338400
3R	23773600	23774400	3R	23779200	23780000
X	9840800	9841600	X	9880800	9881600
3R	16898400	16899200	3R	16933600	16934400
3R	18258400	18259200	3R	18376800	18377600
3R	7111200	7112000	3R	7121600	7122400
2L	5061600	5062400	2L	5068800	5069600
3R	28844800	28845600	3R	29039200	29040000
X	1665600	1666400	X	1694400	1695200
X	12735200	12736000	X	12751200	12752000
3L	15843200	15844000	3L	15947200	15948000
3R	28735200	28736000	3R	29376800	29377600
3L	1688000	1688800	3L	1809600	1810400
X	5085600	5086400	X	5316000	5316800
2L	15332800	15333600	2L	15478400	15479200
3L	1357600	1358400	3L	1488800	1489600
2L	602400	603200	2L	740000	740800
2L	10220800	10221600	2L	10314400	10315200
2L	5200800	5201600	2L	5214400	5215200
X	7161600	7162400	X	7241600	7242400
3R	17232000	17232800	3R	17450400	17451200
3R	29345600	29346400	3R	29376000	29376800
X	6386400	6387200	X	6489600	6490400
X	7112800	7113600	X	7154400	7155200
3R	22548800	22549600	3R	22579200	22580000
2L	19198400	19199200	2L	19364000	19364800
2L	21585600	21586400	2L	21608000	21608800
2R	8894400	8895200	2R	8899200	8900000
2R	10484000	10484800	2R	10554400	10555200
3L	3150400	3151200	3L	3157600	3158400
3L	3845600	3846400	3L	3878400	3879200
3R	16919200	16920000	3R	16934400	16935200
X	7968000	7968800	X	8060800	8061600
X	8280800	8281600	X	8388000	8388800
3R	14288000	14288800	3R	14295200	14296000
X	8245600	8246400	X	8249600	8250400
3L	11260800	11261600	3L	11416800	11417600
2L	12587200	12588000	2L	12655200	12656000
2R	12338400	12339200	2R	12342400	12343200
3L	21584800	21585600	3L	21598400	21599200
2R	21162400	21163200	2R	21167200	21168000
3L	16891200	16892000	3L	16980800	16981600
X	4555200	4556000	X	4589600	4590400
3L	3223200	3224000	3L	3304000	3304800
3R	12766400	12767200	3R	12928800	12929600
2R	19284800	19285600	2R	19288000	19288800
2L	17684000	17684800	2L	17860800	17861600
2L	19135200	19136000	2L	19157600	19158400
X	14388000	14388800	X	14469600	14470400
3R	17618400	17619200	3R	17645600	17646400
X	1484000	1484800	X	1512000	1512800
2R	22546400	22547200	2R	22560800	22561600
3R	4835200	4836000	3R	4852000	4852800
X	10438400	10439200	X	10488800	10489600
2R	1659200	1660000	2R	1734400	1735200
2R	11456000	11456800	2R	11580800	11581600
3L	10899200	10900000	3L	11040800	11041600
2L	7119200	7120000	2L	7158400	7159200
3R	10893600	10894400	3R	11209600	11210400
2L	16268800	16269600	2L	16286400	16287200
2L	1081600	1082400	2L	1106400	1107200
3R	13646400	13647200	3R	13660000	13660800
3R	21488800	21489600	3R	21519200	21520000
3R	26912800	26913600	3R	26944800	26945600
3L	672800	673600	3L	748800	749600
2R	4789600	4790400	2R	5089600	5090400
X	532000	532800	X	545600	546400
3R	31581600	31582400	3R	31594400	31595200
X	13288800	13289600	X	13294400	13295200
4	835200	836000	4	979200	980000
3R	17672800	17673600	3R	17679200	17680000
X	6381600	6382400	X	6497600	6498400
X	8179200	8180000	X	8208800	8209600
X	20442400	20443200	X	20464800	20465600
3R	21824000	21824800	3R	21855200	21856000
2R	13239200	13240000	2R	13431200	13432000
2R	21763200	21764000	2R	22001600	22002400
2L	9253600	9254400	2L	9329600	9330400
2R	9400800	9401600	2R	9423200	9424000
2R	11710400	11711200	2R	11755200	11756000
2L	21928000	21928800	2L	22090400	22091200
3R	7936800	7937600	3R	7962400	7963200
X	21414400	21415200	X	21581600	21582400
2L	3231200	3232000	2L	3422400	3423200
X	19865600	19866400	X	20159200	20160000
2R	14799200	14800000	2R	14814400	14815200
X	11732800	11733600	X	11786400	11787200
2R	19416000	19416800	2R	19420800	19421600
2R	17871200	17872000	2R	18094400	18095200
3R	23333600	23334400	3R	23345600	23346400
2R	21778400	21779200	2R	22020000	22020800
3R	9727200	9728000	3R	9739200	9740000
3L	20625600	20626400	3L	20708000	20708800
X	22757600	22758400	X	22904000	22904800
2L	18881600	18882400	2L	18936000	18936800
3R	14346400	14347200	3R	14381600	14382400
3R	13114400	13115200	3R	13348000	13348800
X	11389600	11390400	X	11453600	11454400
2L	13814400	13815200	2L	13827200	13828000
4	1124000	1124800	4	1181600	1182400
2R	5363200	5364000	2R	5664000	5664800
3L	10736800	10737600	3L	10855200	10856000
3R	29319200	29320000	3R	29490400	29491200
3L	10288800	10289600	3L	10307200	10308000
X	5084800	5085600	X	5309600	5310400
2R	15380800	15381600	2R	15531200	15532000
3R	30016000	30016800	3R	30020000	30020800
3R	14279200	14280000	3R	14283200	14284000
X	12202400	12203200	X	12388800	12389600
3R	14725600	14726400	3R	14736800	14737600
X	9580000	9580800	X	9600000	9600800
X	14016800	14017600	X	14117600	14118400
2L	10743200	10744000	2L	10768000	10768800
2L	8467200	8468000	2L	8476000	8476800
2R	15004800	15005600	2R	15112000	15112800
3L	18684000	18684800	3L	18743200	18744000
3L	12593600	12594400	3L	12618400	12619200
X	7212800	7213600	X	7243200	7244000
2R	20625600	20626400	2R	20638400	20639200
3L	3472000	3472800	3L	3515200	3516000
3R	28547200	28548000	3R	28584800	28585600
2R	13085600	13086400	2R	13100800	13101600
X	7604800	7605600	X	7627200	7628000
X	11181600	11182400	X	11292800	11293600
3R	12786400	12787200	3R	12928000	12928800
2R	14861600	14862400	2R	14868000	14868800
2L	701600	702400	2L	714400	715200
3R	17567200	17568000	3R	17600000	17600800
X	17313600	17314400	X	17345600	17346400
3L	49600	50400	3L	104800	105600
3L	18304000	18304800	3L	18440000	18440800
X	6224800	6225600	X	6352000	6352800
2R	8030400	8031200	2R	8050400	8051200
2R	11410400	11411200	2R	11435200	11436000
3R	20259200	20260000	3R	20277600	20278400
3R	15244800	15245600	3R	15261600	15262400
X	10729600	10730400	X	10743200	10744000
X	17304800	17305600	X	17422400	17423200
X	20929600	20930400	X	21005600	21006400
2L	16509600	16510400	2L	16527200	16528000
2L	12460800	12461600	2L	12483200	12484000
3L	4108800	4109600	3L	4133600	4134400
X	5992800	5993600	X	6034400	6035200
3R	7000000	7000800	3R	7036800	7037600
3L	2879200	2880000	3L	3037600	3038400
2R	22612000	22612800	2R	22632800	22633600
3R	31064000	31064800	3R	31084000	31084800
3R	17607200	17608000	3R	17614400	17615200
2R	10917600	10918400	2R	11107200	11108000
3R	16868000	16868800	3R	16956800	16957600
2R	6135200	6136000	2R	6145600	6146400
2L	1887200	1888000	2L	1907200	1908000
3R	29868800	29869600	3R	30021600	30022400
3R	7068000	7068800	3R	7072800	7073600
X	11584000	11584800	X	11604800	11605600
2R	10159200	10160000	2R	10365600	10366400
3R	28872000	28872800	3R	28885600	28886400
3R	26988000	26988800	3R	27027200	27028000
3R	11225600	11226400	3R	11240800	11241600
2R	19254400	19255200	2R	19275200	19276000
X	4555200	4556000	X	4616800	4617600
2L	10389600	10390400	2L	10393600	10394400
3R	14943200	14944000	3R	15159200	15160000
X	8624800	8625600	X	8676000	8676800
3L	968000	968800	3L	1206400	1207200
X	17767200	17768000	X	17788800	17789600
X	21325600	21326400	X	21336000	21336800
2L	21262400	21263200	2L	21309600	21310400
2R	23204000	23204800	2R	23328000	23328800
3L	18186400	18187200	3L	18233600	18234400
2R	19634400	19635200	2R	19648800	19649600
3L	1502400	1503200	3L	1545600	1546400
3R	30465600	30466400	3R	30563200	30564000
X	5992000	5992800	X	6109600	6110400
X	844000	844800	X	884800	885600
2L	2856800	2857600	2L	2873600	2874400
3L	11226400	11227200	3L	11518400	11519200
2L	21899200	21900000	2L	22023200	22024000
3R	5614400	5615200	3R	5621600	5622400
3L	20322400	20323200	3L	20346400	20347200
2R	16515200	16516000	2R	16571200	16572000
3L	6744000	6744800	3L	6752000	6752800
3R	7103200	7104000	3R	7108000	7108800
3L	10320800	10321600	3L	10427200	10428000
X	20525600	20526400	X	20631200	20632000
3L	17073600	17074400	3L	17316000	17316800
3L	21035200	21036000	3L	21046400	21047200
3R	4478400	4479200	3R	4640800	4641600
3L	1539200	1540000	3L	1544000	1544800
2L	22687200	22688000	2L	22733600	22734400
3L	2071200	2072000	3L	2339200	2340000
3R	8865600	8866400	3R	8930400	8931200
2R	12956000	12956800	2R	13041600	13042400
3R	30388000	30388800	3R	30465600	30466400
2R	19692000	19692800	2R	19825600	19826400
X	3573600	3574400	X	3671200	3672000
X	3720800	3721600	X	3740000	3740800
2L	13499200	13500000	2L	14160000	14160800
2R	24814400	24815200	2R	24852000	24852800
X	842400	843200	X	1010400	1011200
2R	14621600	14622400	2R	14769600	14770400
X	10464000	10464800	X	10471200	10472000
X	19631200	19632000	X	19636000	19636800
3R	31404800	31405600	3R	31609600	31610400
2L	19189600	19190400	2L	19363200	19364000
X	4636000	4636800	X	4647200	4648000
3R	10919200	10920000	3R	11201600	11202400
3L	16716000	16716800	3L	16728800	16729600
3L	22729600	22730400	3L	22739200	22740000
2R	21787200	21788000	2R	21988000	21988800
3R	5394400	5395200	3R	5461600	5462400
3R	6780000	6780800	3R	6806400	6807200
2R	8420800	8421600	2R	8600000	8600800
3R	25647200	25648000	3R	25880800	25881600
X	20256800	20257600	X	20389600	20390400
2R	25084800	25085600	2R	25189600	25190400
X	7444800	7445600	X	7627200	7628000
3R	16958400	16959200	3R	16968800	16969600
3L	11237600	11238400	3L	11434400	11435200
X	4703200	4704000	X	4906400	4907200
2L	6723200	6724000	2L	6920000	6920800
X	15875200	15876000	X	16383200	16384000
2L	12823200	12824000	2L	12853600	12854400
3L	14112000	14112800	3L	14188800	14189600
3R	25882400	25883200	3R	25887200	25888000
3R	25137600	25138400	3R	25184000	25184800
3L	3096800	3097600	3L	3121600	3122400
3L	12807200	12808000	3L	12812000	12812800
3R	23358400	23359200	3R	23680000	23680800
X	8651200	8652000	X	8675200	8676000
3R	13064800	13065600	3R	13074400	13075200
3R	30273600	30274400	3R	30388000	30388800
3L	9019200	9020000	3L	9040800	9041600
3R	13976800	13977600	3R	14017600	14018400
2R	14992800	14993600	2R	15145600	15146400
2R	21384000	21384800	2R	21481600	21482400
3R	17001600	17002400	3R	17041600	17042400
X	940800	941600	X	1026400	1027200
X	11360800	11361600	X	11366400	11367200
X	15175200	15176000	X	15292000	15292800
X	12085600	12086400	X	12202400	12203200
3R	4484800	4485600	3R	4640800	4641600
3L	16865600	16866400	3L	17011200	17012000
X	13782400	13783200	X	13811200	13812000
X	9693600	9694400	X	9729600	9730400
X	19298400	19299200	X	19322400	19323200
3R	18201600	18202400	3R	18213600	18214400
3R	28636000	28636800	3R	28671200	28672000
3L	7156800	7157600	3L	7239200	7240000
3L	14009600	14010400	3L	14023200	14024000
3L	3223200	3224000	3L	3319200	3320000
3L	11697600	11698400	3L	11706400	11707200
2R	12980000	12980800	2R	12996000	12996800
2R	25184000	25184800	2R	25188000	25188800
2L	8010400	8011200	2L	8026400	8027200
3R	12776800	12777600	3R	12928800	12929600
2L	6324000	6324800	2L	6456000	6456800
X	8442400	8443200	X	8460800	8461600
X	6368800	6369600	X	6525600	6526400
3L	2635200	2636000	3L	2766400	2767200
X	17752000	17752800	X	17819200	17820000
X	20096000	20096800	X	20111200	20112000
3L	11240000	11240800	3L	11399200	11400000
3R	12244000	12244800	3R	12279200	12280000
3R	9268000	9268800	3R	9332800	9333600
3R	29238400	29239200	3R	29245600	29246400
X	15668000	15668800	X	15676800	15677600
X	13213600	13214400	X	13256800	13257600
3R	11614400	11615200	3R	11618400	11619200
3R	13794400	13795200	3R	13812800	13813600
3R	8563200	8564000	3R	8652000	8652800
2L	160000	160800	2L	181600	182400
3R	26536800	26537600	3R	26556000	26556800
2L	5208800	5209600	2L	5288000	5288800
X	17912000	17912800	X	17924000	17924800
2L	18832000	18832800	2L	18837600	18838400
X	12028800	12029600	X	12496000	12496800
2R	6677600	6678400	2R	6694400	6695200
3R	16799200	16800000	3R	16834400	16835200
2R	22242400	22243200	2R	22270400	22271200
X	16336000	16336800	X	16355200	16356000
2L	2612000	2612800	2L	2676800	2677600
2R	12996000	12996800	2R	13041600	13042400
3L	5780800	5781600	3L	5792000	5792800
2L	5208800	5209600	2L	5304800	5305600
2L	3889600	3890400	2L	4018400	4019200
X	1546400	1547200	X	1816800	1817600
3R	6013600	6014400	3R	6030400	6031200
3L	21136000	21136800	3L	21334400	21335200
2L	12712000	12712800	2L	13176800	13177600
2R	20979200	20980000	2R	20990400	20991200
3R	14309600	14310400	3R	14314400	14315200
X	19508000	19508800	X	19519200	19520000
2L	15732800	15733600	2L	15741600	15742400
2R	23072800	23073600	2R	23356800	23357600
3R	13272000	13272800	3R	13308800	13309600
2R	4788000	4788800	2R	4822400	4823200
2L	16336000	16336800	2L	16348000	16348800
3R	13983200	13984000	3R	14017600	14018400
X	6603200	6604000	X	6649600	6650400
2R	21672800	21673600	2R	21683200	21684000
X	4425600	4426400	X	4508000	4508800
3R	20634400	20635200	3R	20829600	20830400
2R	21129600	21130400	2R	21140800	21141600
X	4555200	4556000	X	4596000	4596800
X	11108800	11109600	X	11123200	11124000
3L	13391200	13392000	3L	13409600	13410400
2R	20884800	20885600	2R	20905600	20906400
3L	5184800	5185600	3L	5277600	5278400
3R	10965600	10966400	3R	11085600	11086400
3R	15934400	15935200	3R	15964000	15964800
3L	15927200	15928000	3L	15949600	15950400
2R	21026400	21027200	2R	21056000	21056800
3R	31055200	31056000	3R	31058400	31059200
4	417600	418400	4	423200	424000
2L	21828000	21828800	2L	21899200	21900000
2R	6574400	6575200	2R	6608000	6608800
X	5775200	5776000	X	5866400	5867200
2R	8285600	8286400	2R	8559200	8560000
3R	8360000	8360800	3R	8665600	8666400
X	10384800	10385600	X	10460800	10461600
X	16557600	16558400	X	16566400	16567200
X	5845600	5846400	X	5867200	5868000
X	11138400	11139200	X	11145600	11146400
2L	12712000	12712800	2L	13164800	13165600
3L	14579200	14580000	3L	14600000	14600800
2L	20770400	20771200	2L	20783200	20784000
2L	10056000	10056800	2L	10180000	10180800
X	11154400	11155200	X	11324800	11325600
2L	1974400	1975200	2L	1978400	1979200
3R	27253600	27254400	3R	27271200	27272000
2L	9019200	9020000	2L	9124800	9125600
2R	25085600	25086400	2R	25182400	25183200
3L	300000	300800	3L	315200	316000
2R	17802400	17803200	2R	17821600	17822400
3L	1102400	1103200	3L	1177600	1178400
3R	29862400	29863200	3R	29867200	29868000
2L	16289600	16290400	2L	16297600	16298400
2L	2383200	2384000	2L	2420000	2420800
3R	6008800	6009600	3R	6170400	6171200
2R	13969600	13970400	2R	13977600	13978400
3L	19875200	19876000	3L	19892800	19893600
3L	21483200	21484000	3L	21604000	21604800
3R	5960000	5960800	3R	6082400	6083200
3L	1520800	1521600	3L	1531200	1532000
X	3747200	3748000	X	3776000	3776800
2L	11583200	11584000	2L	11883200	11884000
2L	5149600	5150400	2L	5261600	5262400
2R	7674400	7675200	2R	7806400	7807200
2L	5280800	5281600	2L	5322400	5323200
2R	17869600	17870400	2R	18140800	18141600
2L	10232000	10232800	2L	10238400	10239200
X	2096000	2096800	X	2105600	2106400
2R	24049600	24050400	2R	24056000	24056800
X	21352000	21352800	X	21356000	21356800
3R	12631200	12632000	3R	12636000	12636800
4	192800	193600	4	314400	315200
X	17829600	17830400	X	17840000	17840800
X	1668800	1669600	X	1772800	1773600
2R	21284000	21284800	2R	21291200	21292000
2L	14409600	14410400	2L	14490400	14491200
3L	19636000	19636800	3L	19790400	19791200
3R	28833600	28834400	3R	28841600	28842400
3R	7346400	7347200	3R	7809600	7810400
3R	29879200	29880000	3R	29896800	29897600
2L	12057600	12058400	2L	12061600	12062400
2R	24402400	24403200	2R	24514400	24515200
X	12716000	12716800	X	12740800	12741600
2R	13484000	13484800	2R	13505600	13506400
3L	19896800	19897600	3L	19908000	19908800
2L	16588000	16588800	2L	16600800	16601600
2L	3199200	3200000	2L	3230400	3231200
2L	19190400	19191200	2L	19324800	19325600
X	5920000	5920800	X	5934400	5935200
3R	26188800	26189600	3R	26534400	26535200
X	5979200	5980000	X	5992800	5993600
X	17720000	17720800	X	17736800	17737600
3L	1989600	1990400	3L	2340000	2340800
2R	21736000	21736800	2R	22026400	22027200
X	17579200	17580000	X	17628800	17629600
X	3813600	3814400	X	3832800	3833600
3L	7781600	7782400	3L	7809600	7810400
2R	23746400	23747200	2R	23808800	23809600
3L	13504000	13504800	3L	13509600	13510400
2L	19190400	19191200	2L	19341600	19342400
3L	9004800	9005600	3L	9040800	9041600
2L	7827200	7828000	2L	8029600	8030400
2R	17850400	17851200	2R	18126400	18127200
3R	16876000	16876800	3R	16933600	16934400
4	808000	808800	4	833600	834400
3L	12126400	12127200	3L	12130400	12131200
3R	10351200	10352000	3R	10356000	10356800
3R	16206400	16207200	3R	16240800	16241600
2R	12164000	12164800	2R	12167200	12168000
2L	17621600	17622400	2L	17844000	17844800
X	3369600	3370400	X	3451200	3452000
3R	16188000	16188800	3R	16204000	16204800
2R	10211200	10212000	2R	10238400	10239200
X	7989600	7990400	X	8000800	8001600
3L	21008800	21009600	3L	21025600	21026400
3L	7980800	7981600	3L	7996000	7996800
3R	10536000	10536800	3R	10616800	10617600
2R	8396000	8396800	2R	8553600	8554400
X	17935200	17936000	X	18067200	18068000
2L	10232000	10232800	2L	10387200	10388000
2R	8407200	8408000	2R	8558400	8559200
X	4412000	4412800	X	4426400	4427200
2R	23704000	23704800	2R	23810400	23811200
X	16106400	16107200	X	16244000	16244800
3L	1570400	1571200	3L	1574400	1575200
2R	14504000	14504800	2R	14617600	14618400
2L	3200000	3200800	2L	3265600	3266400
2L	222400	223200	2L	246400	247200
X	3676800	3677600	X	3688000	3688800
3R	29503200	29504000	3R	29591200	29592000
2L	2237600	2238400	2L	2356800	2357600
X	10048800	10049600	X	10156000	10156800
X	10368000	10368800	X	10384000	10384800
X	7015200	7016000	X	7073600	7074400
2R	22568000	22568800	2R	22591200	22592000
X	3350400	3351200	X	3453600	3454400
2L	10885600	10886400	2L	10961600	10962400
3R	30947200	30948000	3R	31380800	31381600
X	6389600	6390400	X	6519200	6520000
2L	14293600	14294400	2L	14308000	14308800
3L	17241600	17242400	3L	17338400	17339200
3L	7641600	7642400	3L	7654400	7655200
3R	4405600	4406400	3R	4425600	4426400
2R	14187200	14188000	2R	14203200	14204000
2R	25076000	25076800	2R	25189600	25190400
3L	21460000	21460800	3L	21476000	21476800
2R	5654400	5655200	2R	5661600	5662400
3R	16869600	16870400	3R	16881600	16882400
X	6746400	6747200	X	6753600	6754400
3R	7473600	7474400	3R	7530400	7531200
2R	9811200	9812000	2R	9819200	9820000
2L	10237600	10238400	2L	10405600	10406400
2L	7544000	7544800	2L	7590400	7591200
2L	12003200	12004000	2L	12010400	12011200
3R	23119200	23120000	3R	23125600	23126400
X	21035200	21036000	X	21052800	21053600
3R	26106400	26107200	3R	26128800	26129600
3R	11268800	11269600	3R	11312000	11312800
3R	8680000	8680800	3R	8697600	8698400
2R	24342400	24343200	2R	24369600	24370400
X	8411200	8412000	X	8420800	8421600
2L	3824800	3825600	2L	3836000	3836800
X	13986400	13987200	X	14083200	14084000
2R	20906400	20907200	2R	20937600	20938400
X	16324000	16324800	X	16330400	16331200
4	704800	705600	4	843200	844000
X	5152800	5153600	X	5289600	5290400
3L	21196800	21197600	3L	21216000	21216800
3R	21365600	21366400	3R	21372000	21372800
2L	2163200	2164000	2L	2177600	2178400
X	9777600	9778400	X	10009600	10010400
2R	17870400	17871200	2R	18133600	18134400
3L	2468800	2469600	3L	2482400	2483200
3L	19916000	19916800	3L	19920800	19921600
X	4686400	4687200	X	4908800	4909600
X	9660000	9660800	X	9664800	9665600
X	20764000	20764800	X	20999200	21000000
X	11734400	11735200	X	11767200	11768000
2R	12065600	12066400	2R	12136800	12137600
3R	21389600	21390400	3R	21404000	21404800
3R	16456800	16457600	3R	16467200	16468000
X	8256800	8257600	X	8369600	8370400
2R	11436000	11436800	2R	11449600	11450400
2R	15698400	15699200	2R	15820000	15820800
3R	18215200	18216000	3R	18376800	18377600
2R	13600000	13600800	2R	13808000	13808800
2R	13944800	13945600	2R	13952000	13952800
4	867200	868000	4	958400	959200
2L	12617600	12618400	2L	12655200	12656000
X	2293600	2294400	X	2306400	2307200
3R	6708800	6709600	3R	6759200	6760000
2R	15896800	15897600	2R	15920800	15921600
3R	4452800	4453600	3R	4478400	4479200
3L	11232800	11233600	3L	11512800	11513600
2L	5546400	5547200	2L	5799200	5800000
3L	14190400	14191200	3L	14212000	14212800
X	3863200	3864000	X	3879200	3880000
3L	13488800	13489600	3L	13500800	13501600
2L	9271200	9272000	2L	9320000	9320800
3R	8477600	8478400	3R	8528800	8529600
2L	18319200	18320000	2L	18364000	18364800
3R	10951200	10952000	3R	11184000	11184800
X	1135200	1136000	X	1163200	1164000
2L	13512800	13513600	2L	13548800	13549600
2R	17547200	17548000	2R	17592000	17592800
3R	12414400	12415200	3R	12420800	12421600
3R	21928000	21928800	3R	21971200	21972000
X	7116000	7116800	X	7243200	7244000
2L	13060000	13060800	2L	13113600	13114400
2R	22812000	22812800	2R	22848800	22849600
X	8266400	8267200	X	8317600	8318400
4	132000	132800	4	192800	193600
X	13823200	13824000	X	13828800	13829600
3R	28547200	28548000	3R	28596000	28596800
3L	57600	58400	3L	107200	108000
3R	4750400	4751200	3R	4773600	4774400
3R	15100000	15100800	3R	15120000	15120800
3L	457600	458400	3L	490400	491200
2R	23001600	23002400	2R	23044000	23044800
X	8281600	8282400	X	8366400	8367200
3R	6768000	6768800	3R	6808000	6808800
X	16148800	16149600	X	16216800	16217600
2L	15868800	15869600	2L	16112800	16113600
2R	5701600	5702400	2R	5980800	5981600
X	11631200	11632000	X	11652000	11652800
2R	7420000	7420800	2R	7432800	7433600
2R	24068800	24069600	2R	24085600	24086400
3L	11684000	11684800	3L	11689600	11690400
3L	248800	249600	3L	256000	256800
2R	15011200	15012000	2R	15108000	15108800
3L	1357600	1358400	3L	1467200	1468000
2R	9972800	9973600	2R	9988000	9988800
X	20632000	20632800	X	20759200	20760000
3L	19422400	19423200	3L	19468000	19468800
2R	11584000	11584800	2R	11589600	11590400
X	15595200	15596000	X	15652800	15653600
2L	10061600	10062400	2L	10194400	10195200
3R	14108000	14108800	3R	14286400	14287200
X	18243200	18244000	X	18312000	18312800
X	1560000	1560800	X	1646400	1647200
X	9313600	9314400	X	9374400	9375200
X	17878400	17879200	X	17885600	17886400
