BIN1_CHR	BIN1_START	BIN1_END	BIN2_CHROMOSOME	BIN2_START	BIN2_END	FDR	DETECTION_SCALE
2L	4455200	4456000	2L	4838400	4839200	0.0027653259482139413	1.515716566510398
2L	5062400	5063200	2L	5068000	5068800	0.0007156487735238082	2.6390158215457884
2L	5103200	5104000	2L	5170400	5171200	0.008200244535724823	2.6390158215457884
2L	5148800	5149600	2L	5261600	5262400	0.0003053286696422527	2.6390158215457884
2L	5200800	5201600	2L	5215200	5216000	2.203823448518541e-10	1.515716566510398
2L	5208800	5209600	2L	5288000	5288800	0.005328660769585094	1.515716566510398
2L	5208800	5209600	2L	5304800	5305600	0.0014598543274054769	2.6390158215457884
2L	5280800	5281600	2L	5322400	5323200	0.002803077454526952	3.031433133020796
2L	5288000	5288800	2L	5304800	5305600	2.483542865188642e-09	2.6390158215457884
2L	5403200	5404000	2L	5460800	5461600	0.0	1.515716566510398
2L	5546400	5547200	2L	5799200	5800000	0.0007646277204417484	1.515716566510398
2L	5564800	5565600	2L	5658400	5659200	0.009650847356301647	2.6390158215457884
2L	6039200	6040000	2L	6045600	6046400	0.0030587985416489216	2.6390158215457884
2L	6076000	6076800	2L	6090400	6091200	4.4648890645310694e-11	1.515716566510398
2L	6117600	6118400	2L	6304000	6304800	0.0014892167942823522	1.515716566510398
2L	6156000	6156800	2L	6312800	6313600	0.005880006068528121	1.515716566510398
2L	6160800	6161600	2L	6311200	6312000	0.009650847356301647	1.515716566510398
2L	6178400	6179200	2L	6252000	6252800	0.0	1.515716566510398
2L	6326400	6327200	2L	6335200	6336000	6.076547933755736e-06	3.4822022531844965
2L	3200000	3200800	2L	3231200	3232000	0.0004973109185404892	3.031433133020796
2L	3200000	3200800	2L	3265600	3266400	0.00025140350407619754	1.515716566510398
2L	3231200	3232000	2L	3265600	3266400	0.002603821434527293	1.515716566510398
2L	3231200	3232000	2L	3422400	3423200	3.4674981950200134e-05	2.6390158215457884
2L	3374400	3375200	2L	3452000	3452800	0.002438168896225865	3.4822022531844965
2L	3422400	3423200	2L	3440800	3441600	0.00939590460989459	1.515716566510398
2L	3538400	3539200	2L	3606400	3607200	0.0	3.4822022531844965
2L	3539200	3540000	2L	3580800	3581600	7.714039672659934e-08	1.515716566510398
2L	3540000	3540800	2L	3617600	3618400	0.005101192855631528	1.515716566510398
2L	3824800	3825600	2L	3836000	3836800	2.1734625071141117e-07	1.515716566510398
2L	3889600	3890400	2L	4018400	4019200	0.00020756595214569703	1.515716566510398
2L	145600	146400	2L	152800	153600	0.007549375984889433	3.031433133020796
2L	160000	160800	2L	180800	181600	0.0003835821319612891	2.6390158215457884
2L	222400	223200	2L	247200	248000	1.843725172534505e-11	3.4822022531844965
2L	253600	254400	2L	268800	269600	9.967907392221582e-06	3.4822022531844965
2L	602400	603200	2L	740000	740800	6.052542522998363e-07	1.515716566510398
2L	627200	628000	2L	808000	808800	0.00294981739787409	1.515716566510398
2L	701600	702400	2L	714400	715200	3.095795450252007e-05	1.515716566510398
2L	856800	857600	2L	864000	864800	0.005648133235600042	2.6390158215457884
2L	870400	871200	2L	1077600	1078400	0.00010296108373389835	1.515716566510398
2L	1080000	1080800	2L	1107200	1108000	0.004758843771126332	2.6390158215457884
2L	1203200	1204000	2L	1349600	1350400	0.008616339870762118	1.515716566510398
2L	1420800	1421600	2L	1460800	1461600	0.0	1.515716566510398
2L	1760000	1760800	2L	1817600	1818400	0.002348444318216785	2.29739670999407
2L	1764800	1765600	2L	1817600	1818400	0.0	1.515716566510398
2L	1765600	1766400	2L	1824000	1824800	0.0002567422763369298	1.515716566510398
2L	1888800	1889600	2L	1904800	1905600	4.5641877577384804e-07	3.4822022531844965
2L	1955200	1956000	2L	1971200	1972000	2.2951404647776306e-08	2.6390158215457884
2L	1974400	1975200	2L	1979200	1980000	0.002445829804023769	1.515716566510398
2L	2092800	2093600	2L	2120800	2121600	0.002269978874984567	2.6390158215457884
2L	2163200	2164000	2L	2178400	2179200	0.001190559001175424	3.4822022531844965
2L	2236800	2237600	2L	2364800	2365600	0.005748200244416052	1.515716566510398
2L	2237600	2238400	2L	2356000	2356800	0.002348444318216785	2.6390158215457884
2L	2382400	2383200	2L	2420000	2420800	0.0013453089190333205	2.6390158215457884
2L	2492800	2493600	2L	2579200	2580000	0.0040535217898621245	1.515716566510398
2L	2578400	2579200	2L	2752000	2752800	0.004376306553660505	2.6390158215457884
2L	2584000	2584800	2L	2744000	2744800	0.004647163587608246	2.6390158215457884
2L	2612000	2612800	2L	2676000	2676800	0.0002369296028621377	1.515716566510398
2L	2760800	2761600	2L	2765600	2766400	0.0010934334058871527	2.6390158215457884
2L	2770400	2771200	2L	2784800	2785600	0.0050498031220668465	2.6390158215457884
2L	2856800	2857600	2L	2873600	2874400	0.004897789721666924	1.515716566510398
2L	3001600	3002400	2L	3016000	3016800	0.002445829804023769	3.031433133020796
2L	3094400	3095200	2L	3108000	3108800	0.0	1.515716566510398
2L	9520800	9521600	2L	9699200	9700000	0.0006791012832492837	1.515716566510398
2L	9576800	9577600	2L	9612000	9612800	9.268091091219336e-05	1.515716566510398
2L	9581600	9582400	2L	9608000	9608800	0.0	3.4822022531844965
2L	9996800	9997600	2L	10001600	10002400	0.008551399155893735	2.6390158215457884
2L	10009600	10010400	2L	10200000	10200800	0.00605339124756043	3.031433133020796
2L	10056000	10056800	2L	10180000	10180800	5.0823322674981025e-05	1.515716566510398
2L	10057600	10058400	2L	10199200	10200000	0.00025520665548528016	2.6390158215457884
2L	10220800	10221600	2L	10314400	10315200	0.009104644448583898	1.515716566510398
2L	10231200	10232000	2L	10387200	10388000	2.2303914063342184e-05	1.515716566510398
2L	10232000	10232800	2L	10238400	10239200	0.00017351190280315718	1.515716566510398
2L	10238400	10239200	2L	10405600	10406400	4.484145818140224e-05	3.4822022531844965
2L	10389600	10390400	2L	10394400	10395200	0.009441700839887277	1.515716566510398
2L	10743200	10744000	2L	10768000	10768800	0.003750198194548686	2.6390158215457884
2L	10886400	10887200	2L	10960000	10960800	0.00833973689049478	3.4822022531844965
2L	10990400	10991200	2L	11001600	11002400	0.0038365149510329153	3.4822022531844965
2L	7827200	7828000	2L	8029600	8030400	1.0707170710949914e-05	1.515716566510398
2L	7827200	7828000	2L	8042400	8043200	2.8765424005511298e-05	1.515716566510398
2L	8005600	8006400	2L	8025600	8026400	1.2975348310170776e-06	2.6390158215457884
2L	8032800	8033600	2L	8038400	8039200	0.0006060422641514254	2.6390158215457884
2L	8074400	8075200	2L	8080000	8080800	0.000770605741188464	2.6390158215457884
2L	8405600	8406400	2L	8412000	8412800	0.00031414436258328087	3.4822022531844965
2L	8444000	8444800	2L	8463200	8464000	0.005454951710240075	2.6390158215457884
2L	8467200	8468000	2L	8475200	8476000	0.0040488459488671365	3.031433133020796
2L	8719200	8720000	2L	8738400	8739200	0.00017328739919197922	2.6390158215457884
2L	8740800	8741600	2L	8888800	8889600	2.3432075979545886e-07	1.515716566510398
2L	9019200	9020000	2L	9071200	9072000	0.00028689035795120165	1.515716566510398
2L	9019200	9020000	2L	9124000	9124800	0.0018610675400350075	2.6390158215457884
2L	9083200	9084000	2L	9486400	9487200	7.629063381031642e-09	1.515716566510398
2L	9088800	9089600	2L	9488000	9488800	0.0016772891695112	2.6390158215457884
2L	9176000	9176800	2L	9204000	9204800	6.431007856679054e-09	1.515716566510398
2L	9253600	9254400	2L	9329600	9330400	0.0009275279488165717	2.6390158215457884
2L	9255200	9256000	2L	9326400	9327200	0.00478974696330992	2.6390158215457884
2L	9271200	9272000	2L	9320000	9320800	0.0	1.515716566510398
2L	6124000	6124800	2L	6423200	6424000	0.0020070481088645697	1.515716566510398
2L	6324000	6324800	2L	6456000	6456800	0.0003189502471857107	1.515716566510398
2L	6482400	6483200	2L	6487200	6488000	0.0010419984785734987	1.515716566510398
2L	6492000	6492800	2L	6496800	6497600	0.0051221564943459245	1.515716566510398
2L	6535200	6536000	2L	6547200	6548000	7.140149073571559e-05	3.4822022531844965
2L	6723200	6724000	2L	6920000	6920800	0.00023543057457943735	2.6390158215457884
2L	7056800	7057600	2L	7062400	7063200	0.006889038070373514	1.515716566510398
2L	7071200	7072000	2L	7140000	7140800	0.002813374962747461	1.515716566510398
2L	7119200	7120000	2L	7157600	7158400	0.009876385576614003	1.515716566510398
2L	7133600	7134400	2L	7157600	7158400	1.083499102404718e-11	1.515716566510398
2L	7544800	7545600	2L	7590400	7591200	0.0	2.6390158215457884
2L	7827200	7828000	2L	7885600	7886400	0.0015990170313591318	1.515716566510398
2L	11358400	11359200	2L	11447200	11448000	0.0	1.515716566510398
2L	11580800	11581600	2L	11765600	11766400	0.008062444927810037	1.515716566510398
2L	11583200	11584000	2L	11883200	11884000	0.009647419720518215	1.515716566510398
2L	12004800	12005600	2L	12010400	12011200	0.004971938472631801	2.6390158215457884
2L	12013600	12014400	2L	12019200	12020000	0.008062444927810037	1.515716566510398
2L	12056800	12057600	2L	12061600	12062400	0.0030006491231279664	1.515716566510398
2L	12064800	12065600	2L	12079200	12080000	6.995546732510176e-05	1.515716566510398
2L	12064800	12065600	2L	12091200	12092000	0.0018635513096185192	2.6390158215457884
2L	12437600	12438400	2L	12451200	12452000	0.0015200079355748742	3.031433133020796
2L	12460800	12461600	2L	12482400	12483200	8.293264119268389e-06	2.6390158215457884
2L	12520800	12521600	2L	12545600	12546400	2.9582423937135617e-07	1.515716566510398
2L	12548000	12548800	2L	12567200	12568000	0.009647419720518215	1.515716566510398
2L	12548800	12549600	2L	12572800	12573600	0.007404177273207352	2.6390158215457884
2L	12586400	12587200	2L	12617600	12618400	5.870109554721832e-07	1.515716566510398
2L	12587200	12588000	2L	12655200	12656000	0.004957759238632768	1.515716566510398
2L	12617600	12618400	2L	12655200	12656000	8.13440697425838e-05	1.515716566510398
2L	12617600	12618400	2L	12678400	12679200	0.0	1.515716566510398
2L	12712000	12712800	2L	13164800	13165600	0.006577959554298801	1.515716566510398
2L	12712000	12712800	2L	13176800	13177600	0.009924907017639102	1.515716566510398
2L	12823200	12824000	2L	12853600	12854400	4.753257196503591e-06	1.515716566510398
2L	13020000	13020800	2L	13165600	13166400	0.0024764807531366118	3.031433133020796
2L	13060000	13060800	2L	13113600	13114400	0.009536412178766685	1.515716566510398
2L	13500000	13500800	2L	14160000	14160800	1.5767832085762902e-08	2.6390158215457884
2L	13512800	13513600	2L	13548800	13549600	0.0004519665956819827	1.515716566510398
2L	13644000	13644800	2L	13752800	13753600	0.006013173280697875	3.4822022531844965
2L	13796000	13796800	2L	13809600	13810400	0.007431518623722555	2.6390158215457884
2L	13814400	13815200	2L	13827200	13828000	0.003426463040714842	1.515716566510398
2L	14094400	14095200	2L	14160000	14160800	0.0043432333023632076	1.515716566510398
2L	14263200	14264000	2L	14286400	14287200	0.000572283324665253	2.6390158215457884
2L	14293600	14294400	2L	14308000	14308800	0.009536412178766685	1.515716566510398
2L	22537600	22538400	2L	22981600	22982400	0.002001325717920369	1.515716566510398
2L	22644000	22644800	2L	22733600	22734400	0.00020060062986666184	2.6390158215457884
2L	22660000	22660800	2L	22733600	22734400	2.7849241306374777e-07	2.6390158215457884
2L	22664000	22664800	2L	22733600	22734400	0.0	1.515716566510398
2L	22687200	22688000	2L	22733600	22734400	0.004567832422771328	1.515716566510398
2L	22729600	22730400	2L	22736000	22736800	8.343652822997982e-06	1.515716566510398
2L	14409600	14410400	2L	14490400	14491200	0.0	1.515716566510398
2L	15265600	15266400	2L	15270400	15271200	0.009418957702782524	1.515716566510398
2L	15332800	15333600	2L	15425600	15426400	7.832960038165672e-10	1.515716566510398
2L	15333600	15334400	2L	15478400	15479200	2.299348193341803e-05	2.6390158215457884
2L	15731200	15732000	2L	15744000	15744800	0.0005776665710000387	2.6390158215457884
2L	15753600	15754400	2L	15759200	15760000	0.0002004478829482132	2.6390158215457884
2L	15864800	15865600	2L	15882400	15883200	0.00010486430930568728	1.515716566510398
2L	20121600	20122400	2L	21684000	21684800	4.3298892439734363e-08	1.515716566510398
2L	20122400	20123200	2L	21689600	21690400	1.0533292512415372e-07	2.6390158215457884
2L	20127200	20128000	2L	21684800	21685600	0.00010763457068497742	2.6390158215457884
2L	20862400	20863200	2L	20928800	20929600	5.478597967446737e-12	1.515716566510398
2L	21262400	21263200	2L	21309600	21310400	0.005791732748205189	1.515716566510398
2L	21586400	21587200	2L	21607200	21608000	0.005748821799936115	1.515716566510398
2L	21828000	21828800	2L	21899200	21900000	0.0	1.515716566510398
2L	21828000	21828800	2L	22018400	22019200	3.763077391781597e-12	1.515716566510398
2L	21828000	21828800	2L	22024000	22024800	0.0	1.515716566510398
2L	21899200	21900000	2L	22018400	22019200	1.5091508289957447e-11	1.515716566510398
2L	21899200	21900000	2L	22024000	22024800	0.0	1.515716566510398
2L	21928000	21928800	2L	22090400	22091200	2.2779321159992728e-05	1.515716566510398
2L	22130400	22131200	2L	22168800	22169600	0.0087803300636884	1.515716566510398
2L	22198400	22199200	2L	22279200	22280000	0.0	2.6390158215457884
2L	22220800	22221600	2L	22255200	22256000	2.7719096859105516e-13	1.515716566510398
2L	15873600	15874400	2L	16108000	16108800	0.0013384045088634347	1.515716566510398
2L	16049600	16050400	2L	16197600	16198400	3.2129070812938275e-08	1.515716566510398
2L	16268800	16269600	2L	16286400	16287200	0.0	1.515716566510398
2L	16290400	16291200	2L	16296800	16297600	1.6380331541165916e-07	3.4822022531844965
2L	16335200	16336000	2L	16348000	16348800	0.000406994666755256	2.6390158215457884
2L	16352000	16352800	2L	16491200	16492000	0.005227673739061593	1.515716566510398
2L	16422400	16423200	2L	16485600	16486400	0.0	1.515716566510398
2L	16509600	16510400	2L	16526400	16527200	0.0012415410232559855	2.6390158215457884
2L	16509600	16510400	2L	16530400	16531200	0.0003852864601261726	2.6390158215457884
2L	16520800	16521600	2L	16533600	16534400	0.0008302515354276285	2.6390158215457884
2L	16520800	16521600	2L	16600800	16601600	0.000746756743859267	1.515716566510398
2L	16588000	16588800	2L	16600800	16601600	3.0249491245193383e-09	1.515716566510398
2L	19189600	19190400	2L	19363200	19364000	0.0	1.515716566510398
2L	19190400	19191200	2L	19320000	19320800	0.0006025731084423533	1.515716566510398
2L	19190400	19191200	2L	19336800	19337600	0.0021026740030858034	1.515716566510398
2L	19191200	19192000	2L	19341600	19342400	3.44403166303258e-08	3.031433133020796
2L	19191200	19192000	2L	19325600	19326400	0.0044581059751981275	1.515716566510398
2L	19203200	19204000	2L	19359200	19360000	0.008305007547817427	2.6390158215457884
2L	19589600	19590400	2L	20228800	20229600	6.762832439649017e-11	2.6390158215457884
2L	19820000	19820800	2L	19860000	19860800	0.00019480508546238645	1.515716566510398
2L	20120800	20121600	2L	20428800	20429600	4.293398177827329e-06	1.515716566510398
2L	20265600	20266400	2L	20284000	20284800	0.00846759448016452	2.6390158215457884
2L	20736800	20737600	2L	20755200	20756000	6.770104038631658e-09	3.4822022531844965
2L	20770400	20771200	2L	20784000	20784800	0.0008905177724672117	3.4822022531844965
2L	17604000	17604800	2L	17714400	17715200	8.04204986913392e-05	2.6390158215457884
2L	17620800	17621600	2L	17843200	17844000	8.860267386445741e-09	1.515716566510398
2L	17684000	17684800	2L	17860800	17861600	6.773362606393044e-05	1.515716566510398
2L	17736000	17736800	2L	17752800	17753600	8.633864391609514e-05	3.031433133020796
2L	18319200	18320000	2L	18364000	18364800	0.000538490607928232	2.6390158215457884
2L	18714400	18715200	2L	18776000	18776800	0.0018656747622570553	2.6390158215457884
2L	18832800	18833600	2L	18837600	18838400	6.773362606393044e-05	2.6390158215457884
2L	18881600	18882400	2L	18936000	18936800	1.1165636316769047e-12	1.515716566510398
2L	19136000	19136800	2L	19156800	19157600	0.0	2.6390158215457884
2R	1659200	1660000	2R	1734400	1735200	0.0019512938228172095	1.515716566510398
2R	4130400	4131200	2R	4188000	4188800	3.399761568668448e-05	1.515716566510398
2R	4397600	4398400	2R	4532800	4533600	1.864044349036857e-05	1.515716566510398
2R	4516800	4517600	2R	4545600	4546400	0.002306427077578312	1.515716566510398
2R	4672000	4672800	2R	5090400	5091200	0.002151522691133215	1.515716566510398
2R	4788800	4789600	2R	4823200	4824000	0.004300369097743315	2.6390158215457884
2R	4789600	4790400	2R	5089600	5090400	0.003051630592008516	2.6390158215457884
2R	4824000	4824800	2R	5089600	5090400	9.475648981624584e-07	1.515716566510398
2R	4939200	4940000	2R	4972800	4973600	0.00021118228509277222	1.515716566510398
2R	5361600	5362400	2R	5663200	5664000	0.00430005049553756	3.4822022531844965
2R	5655200	5656000	2R	5660800	5661600	0.00878788449073766	2.6390158215457884
2R	5701600	5702400	2R	5980800	5981600	2.784734800282767e-06	1.515716566510398
2R	6037600	6038400	2R	6150400	6151200	0.0025118045112512513	2.6390158215457884
2R	6135200	6136000	2R	6148000	6148800	0.0026045179379768847	2.6390158215457884
2R	6152800	6153600	2R	6161600	6162400	0.0024330303212737182	2.6390158215457884
2R	6152000	6152800	2R	6171200	6172000	0.006193098818278866	1.515716566510398
2R	6162400	6163200	2R	6189600	6190400	0.002221645806397121	1.515716566510398
2R	6170400	6171200	2R	6189600	6190400	0.006998463683070296	1.515716566510398
2R	6220800	6221600	2R	6235200	6236000	2.9432625572244063e-05	1.515716566510398
2R	6247200	6248000	2R	6340000	6340800	5.5276559554933696e-05	2.6390158215457884
2R	6288000	6288800	2R	6323200	6324000	0.0	1.515716566510398
2R	6288800	6289600	2R	6340000	6340800	2.500322182806525e-08	3.4822022531844965
2R	6292000	6292800	2R	6460800	6461600	0.00039856075242935537	1.515716566510398
2R	6323200	6324000	2R	6458400	6459200	9.61312087648874e-08	3.031433133020796
2R	6501600	6502400	2R	6606400	6607200	0.006275376218475509	1.515716566510398
2R	6501600	6502400	2R	6611200	6612000	1.91025974614681e-06	2.6390158215457884
2R	6574400	6575200	2R	6610400	6611200	0.0	3.4822022531844965
2R	6575200	6576000	2R	6600800	6601600	0.0011440183099420329	3.4822022531844965
2R	6678400	6679200	2R	6692800	6693600	0.006143583524517778	3.4822022531844965
2R	7352000	7352800	2R	7381600	7382400	0.0	1.515716566510398
2R	7388800	7389600	2R	7405600	7406400	0.0017219726221242278	3.031433133020796
2R	7420000	7420800	2R	7432800	7433600	0.0004950054428065824	3.031433133020796
2R	7635200	7636000	2R	7783200	7784000	0.001759232299373299	2.6390158215457884
2R	7675200	7676000	2R	7805600	7806400	2.9814384801804542e-06	3.031433133020796
2R	7834400	7835200	2R	7915200	7916000	0.0012826960711984762	1.515716566510398
2R	7859200	7860000	2R	7912000	7912800	0.006989538602678938	2.6390158215457884
2R	7941600	7942400	2R	7953600	7954400	0.00010501992803563443	2.6390158215457884
2R	7974400	7975200	2R	7986400	7987200	0.004815542172257256	2.6390158215457884
2R	11410400	11411200	2R	11435200	11436000	0.004541743418920615	1.515716566510398
2R	11436800	11437600	2R	11449600	11450400	0.00027449360794851163	2.6390158215457884
2R	11456000	11456800	2R	11580000	11580800	0.0009258239581719301	2.6390158215457884
2R	11475200	11476000	2R	11528000	11528800	0.0	1.515716566510398
2R	11584000	11584800	2R	11589600	11590400	0.00020277027742279536	2.6390158215457884
2R	11592800	11593600	2R	11604000	11604800	0.000862822029342441	1.515716566510398
2R	11592800	11593600	2R	11615200	11616000	4.3519809977965456e-10	1.515716566510398
2R	11604000	11604800	2R	11615200	11616000	0.0002421106335199537	2.6390158215457884
2R	11703200	11704000	2R	11788000	11788800	0.005871505543089581	2.6390158215457884
2R	11710400	11711200	2R	11755200	11756000	6.271633222013999e-09	1.515716566510398
2R	11710400	11711200	2R	11789600	11790400	0.0	1.515716566510398
2R	11710400	11711200	2R	11810400	11811200	0.004377602789982911	2.6390158215457884
2R	11756000	11756800	2R	11789600	11790400	2.7815812431164484e-09	2.6390158215457884
2R	12020000	12020800	2R	12024800	12025600	0.0015720278900059003	1.515716566510398
2R	12065600	12066400	2R	12136800	12137600	3.710872898813703e-05	2.6390158215457884
2R	12163200	12164000	2R	12168000	12168800	0.008882491390218395	1.515716566510398
2R	12338400	12339200	2R	12343200	12344000	0.008347875880695183	1.515716566510398
2R	12438400	12439200	2R	12450400	12451200	3.446148051147735e-05	3.031433133020796
2R	12595200	12596000	2R	12609600	12610400	3.505955891824897e-05	2.6390158215457884
2R	12616000	12616800	2R	12624000	12624800	4.3519809977965456e-10	1.515716566510398
2R	12704800	12705600	2R	12742400	12743200	0.004341533323383961	1.515716566510398
2R	8019200	8020000	2R	8030400	8031200	1.430094927350324e-06	1.515716566510398
2R	8031200	8032000	2R	8049600	8050400	8.601267443740891e-08	3.4822022531844965
2R	8232800	8233600	2R	8244800	8245600	7.207597948986269e-05	1.515716566510398
2R	8272800	8273600	2R	8326400	8327200	3.0978430776595897e-06	1.515716566510398
2R	8285600	8286400	2R	8560000	8560800	0.0025282816608134086	1.515716566510398
2R	8396000	8396800	2R	8553600	8554400	0.004426381236750961	1.515716566510398
2R	8407200	8408000	2R	8558400	8559200	0.001581465230947706	1.515716566510398
2R	8420800	8421600	2R	8600000	8600800	0.00016488176766222542	1.515716566510398
2R	8894400	8895200	2R	8899200	8900000	0.007381497707257196	1.515716566510398
2R	9286400	9287200	2R	9289600	9290400	0.006814177835481206	2.6390158215457884
2R	9400800	9401600	2R	9423200	9424000	0.002976862045899018	2.6390158215457884
2R	9578400	9579200	2R	9692800	9693600	0.0006241239371465289	1.515716566510398
2R	9812000	9812800	2R	9818400	9819200	0.0067414486375264445	2.6390158215457884
2R	9973600	9974400	2R	9987200	9988000	0.0	3.4822022531844965
2R	10159200	10160000	2R	10365600	10366400	0.009329793679956483	1.515716566510398
2R	10212000	10212800	2R	10238400	10239200	3.7734957839229144e-06	2.6390158215457884
2R	10480800	10481600	2R	10553600	10554400	0.002543217829457531	2.6390158215457884
2R	10534400	10535200	2R	10554400	10555200	0.00022529926388618765	3.031433133020796
2R	10613600	10614400	2R	10640800	10641600	0.00028094806740225234	3.4822022531844965
2R	10620000	10620800	2R	10643200	10644000	0.00013290894121597847	2.6390158215457884
2R	10917600	10918400	2R	11107200	11108000	1.7372623274587962e-09	1.515716566510398
2R	10918400	10919200	2R	11116000	11116800	5.653536556540559e-05	1.515716566510398
2R	12757600	12758400	2R	12870400	12871200	0.00041134234478141303	2.6390158215457884
2R	12884000	12884800	2R	12904000	12904800	4.099689649656195e-06	1.515716566510398
2R	12919200	12920000	2R	12932800	12933600	0.002182115063136433	3.4822022531844965
2R	12956800	12957600	2R	13040800	13041600	0.0	2.6390158215457884
2R	12958400	12959200	2R	12980000	12980800	1.573060113541407e-10	1.515716566510398
2R	12958400	12959200	2R	12984800	12985600	1.06192956650375e-09	1.515716566510398
2R	12980000	12980800	2R	12996000	12996800	0.006206679016429545	1.515716566510398
2R	12981600	12982400	2R	13040800	13041600	2.15440575660845e-07	2.6390158215457884
2R	12986400	12987200	2R	13041600	13042400	0.0003829428391110017	1.515716566510398
2R	12996000	12996800	2R	13041600	13042400	2.725769940623321e-08	1.515716566510398
2R	13044800	13045600	2R	13130400	13131200	0.008721432601124963	2.6390158215457884
2R	13060800	13061600	2R	13117600	13118400	0.0004458226787972116	2.6390158215457884
2R	13084800	13085600	2R	13101600	13102400	0.0	1.515716566510398
2R	13222400	13223200	2R	13448800	13449600	0.0030694672130236454	2.6390158215457884
2R	13230400	13231200	2R	13431200	13432000	0.005708553300391866	1.515716566510398
2R	13239200	13240000	2R	13431200	13432000	0.00012261714022804973	1.515716566510398
2R	13432000	13432800	2R	13437600	13438400	0.004536963432312674	1.515716566510398
2R	13484000	13484800	2R	13505600	13506400	1.602151000232058e-06	1.515716566510398
2R	13486400	13487200	2R	13492800	13493600	0.00044645662448909154	2.6390158215457884
2R	13586400	13587200	2R	13590400	13591200	0.001616160477993644	3.4822022531844965
2R	13592800	13593600	2R	13824000	13824800	0.005679847380550319	1.515716566510398
2R	13596800	13597600	2R	13803200	13804000	0.009573752135287461	1.515716566510398
2R	13620800	13621600	2R	13823200	13824000	5.569073543743031e-06	2.6390158215457884
2R	13944000	13944800	2R	13951200	13952000	0.00020487733796696847	2.6390158215457884
2R	13969600	13970400	2R	13976800	13977600	0.0011001225458203688	2.6390158215457884
2R	13992800	13993600	2R	14006400	14007200	0.005018616913878774	3.031433133020796
2R	14073600	14074400	2R	14113600	14114400	0.0007913742356772029	1.515716566510398
2R	14082400	14083200	2R	14111200	14112000	0.0013885566886925925	2.6390158215457884
2R	14187200	14188000	2R	14201600	14202400	0.006516406809595347	2.6390158215457884
2R	19255200	19256000	2R	19274400	19275200	4.7405878812424624e-05	3.4822022531844965
2R	19284000	19284800	2R	19288800	19289600	0.0018764464483834278	1.515716566510398
2R	19416000	19416800	2R	19421600	19422400	0.0041033926720112236	2.6390158215457884
2R	19427200	19428000	2R	19434400	19435200	0.001373664056373511	3.031433133020796
2R	19634400	19635200	2R	19648000	19648800	0.00912235477996401	2.6390158215457884
2R	19692000	19692800	2R	19825600	19826400	1.9331292575339472e-07	1.515716566510398
2R	19802400	19803200	2R	20000000	20000800	0.00011898428710603466	1.515716566510398
2R	20625600	20626400	2R	20638400	20639200	0.005125491076473086	2.6390158215457884
2R	17802400	17803200	2R	17821600	17822400	0.0032260101974745654	2.6390158215457884
2R	17849600	17850400	2R	18126400	18127200	0.009105268097623997	1.515716566510398
2R	17869600	17870400	2R	18140800	18141600	1.2501128050834697e-05	2.6390158215457884
2R	17870400	17871200	2R	18133600	18134400	0.0007177319271107592	1.515716566510398
2R	17870400	17871200	2R	18157600	18158400	0.005304370976896141	1.515716566510398
2R	17871200	17872000	2R	18094400	18095200	0.0009267016346748028	1.515716566510398
2R	17882400	17883200	2R	18087200	18088000	0.0019526434941379187	2.6390158215457884
2R	18309600	18310400	2R	18356000	18356800	0.009105268097623997	2.6390158215457884
2R	18584000	18584800	2R	18609600	18610400	0.0008260843472604162	2.6390158215457884
2R	18972000	18972800	2R	19136800	19137600	0.00400557437068695	1.515716566510398
2R	18972000	18972800	2R	19141600	19142400	1.4722730509873574e-05	1.515716566510398
2R	20884000	20884800	2R	20937600	20938400	0.0024823499466828046	1.515716566510398
2R	20884800	20885600	2R	20905600	20906400	0.0004383290553490293	1.515716566510398
2R	20907200	20908000	2R	20937600	20938400	5.488097235304968e-05	2.6390158215457884
2R	20914400	20915200	2R	20960800	20961600	0.0013659323049615146	1.515716566510398
2R	20979200	20980000	2R	20991200	20992000	0.00010680243428066877	3.4822022531844965
2R	20994400	20995200	2R	21056800	21057600	0.00877772813116294	1.515716566510398
2R	21026400	21027200	2R	21055200	21056000	0.0020122951105704494	2.6390158215457884
2R	21048000	21048800	2R	21056000	21056800	0.00012357316688796	1.515716566510398
2R	21129600	21130400	2R	21140000	21140800	0.00858712172383796	2.6390158215457884
2R	21160800	21161600	2R	21181600	21182400	4.2827874925060225e-07	2.6390158215457884
2R	21162400	21163200	2R	21167200	21168000	0.008503152861167528	1.515716566510398
2R	21253600	21254400	2R	21278400	21279200	0.00522175084633916	2.6390158215457884
2R	21284000	21284800	2R	21291200	21292000	0.001399807354589864	2.6390158215457884
2R	21384000	21384800	2R	21481600	21482400	0.00591334548703903	1.515716566510398
2R	21524000	21524800	2R	21532800	21533600	3.63219383135253e-07	2.6390158215457884
2R	21672800	21673600	2R	21683200	21684000	0.005779843381268855	3.031433133020796
2R	21732000	21732800	2R	22050400	22051200	0.008503152861167528	1.515716566510398
2R	21735200	21736000	2R	22009600	22010400	0.005141094275314493	1.515716566510398
2R	21736000	21736800	2R	22027200	22028000	0.0006663839899417566	1.515716566510398
2R	21758400	21759200	2R	22037600	22038400	0.004960213239966141	1.515716566510398
2R	21763200	21764000	2R	22001600	22002400	0.00858712172383796	1.515716566510398
2R	21772800	21773600	2R	22027200	22028000	0.003019025897699432	1.515716566510398
2R	21779200	21780000	2R	22020800	22021600	0.0017755173346826083	1.515716566510398
2R	21792000	21792800	2R	21987200	21988000	0.003804528349874349	1.515716566510398
2R	21972800	21973600	2R	22060000	22060800	0.0001870378785621307	1.515716566510398
2R	22243200	22244000	2R	22270400	22271200	7.629639618502081e-10	1.515716566510398
2R	14457600	14458400	2R	14478400	14479200	1.1864979532205666e-08	2.6390158215457884
2R	14504000	14504800	2R	14617600	14618400	0.0010156482365598642	1.515716566510398
2R	14621600	14622400	2R	14769600	14770400	0.008546362319097705	3.031433133020796
2R	14624000	14624800	2R	14752000	14752800	0.0014249401876958653	1.515716566510398
2R	14644800	14645600	2R	14751200	14752000	0.0031995078155271947	1.515716566510398
2R	14799200	14800000	2R	14813600	14814400	3.988179094517219e-06	2.6390158215457884
2R	14862400	14863200	2R	14868000	14868800	2.710684032258414e-05	2.6390158215457884
2R	14870400	14871200	2R	14980800	14981600	1.74341727256222e-07	1.515716566510398
2R	14963200	14964000	2R	14980800	14981600	0.00015454348793465065	1.515716566510398
2R	14992800	14993600	2R	15145600	15146400	0.0006653926346472174	2.6390158215457884
2R	15000000	15000800	2R	15112000	15112800	0.00039515934438459817	3.031433133020796
2R	15010400	15011200	2R	15113600	15114400	1.2263269188007476e-10	1.515716566510398
2R	15011200	15012000	2R	15108800	15109600	0.0	1.515716566510398
2R	15012800	15013600	2R	15103200	15104000	0.0006719477371346933	1.515716566510398
2R	15024000	15024800	2R	15107200	15108000	3.910027857045861e-11	2.6390158215457884
2R	15024000	15024800	2R	15112800	15113600	4.67711164500173e-05	1.515716566510398
2R	15381600	15382400	2R	15531200	15532000	1.3770640331050338e-05	2.6390158215457884
2R	15383200	15384000	2R	15521600	15522400	0.008183805514039027	1.515716566510398
2R	15438400	15439200	2R	15608000	15608800	0.00930572687439078	1.515716566510398
2R	15698400	15699200	2R	15820000	15820800	1.6437238648993676e-05	2.6390158215457884
2R	15890400	15891200	2R	15920800	15921600	0.006423749213216844	1.515716566510398
2R	15897600	15898400	2R	15920800	15921600	0.0013765791614954843	2.6390158215457884
2R	16206400	16207200	2R	16218400	16219200	0.00020077387732219507	3.4822022531844965
2R	16515200	16516000	2R	16571200	16572000	9.891832339705277e-05	1.515716566510398
2R	16579200	16580000	2R	16584800	16585600	0.006696399412029653	1.515716566510398
2R	16594400	16595200	2R	16672000	16672800	0.0002036654225190511	3.031433133020796
2R	16672800	16673600	2R	16800000	16800800	5.6435407245556604e-05	1.515716566510398
2R	16857600	16858400	2R	16866400	16867200	0.003619116832342617	1.515716566510398
2R	16960800	16961600	2R	16973600	16974400	0.0018634979020022528	1.515716566510398
2R	17119200	17120000	2R	17124800	17125600	3.82383651055529e-06	1.515716566510398
2R	17264000	17264800	2R	17335200	17336000	3.82383651055529e-06	2.6390158215457884
2R	17480000	17480800	2R	17492000	17492800	0.00018149782291334118	2.6390158215457884
2R	17520800	17521600	2R	17532800	17533600	0.0030242806682884774	2.6390158215457884
2R	17547200	17548000	2R	17592000	17592800	0.003187513043769556	1.515716566510398
2R	24049600	24050400	2R	24055200	24056000	0.0005197545035409589	2.6390158215457884
2R	24069600	24070400	2R	24084800	24085600	0.0003122510706649734	2.6390158215457884
2R	24342400	24343200	2R	24369600	24370400	0.0059603704752282105	1.515716566510398
2R	24369600	24370400	2R	24543200	24544000	8.983070465262699e-07	1.515716566510398
2R	24402400	24403200	2R	24514400	24515200	0.0005258962433662973	1.515716566510398
2R	24814400	24815200	2R	24852800	24853600	0.003789233089830771	2.6390158215457884
2R	24876000	24876800	2R	24880800	24881600	0.0009755369216451354	1.515716566510398
2R	25076000	25076800	2R	25189600	25190400	3.162554367333738e-06	1.515716566510398
2R	25084800	25085600	2R	25182400	25183200	1.7804646645913635e-11	1.515716566510398
2R	25084800	25085600	2R	25189600	25190400	4.029906494528562e-08	1.515716566510398
2R	25184000	25184800	2R	25188800	25189600	0.0003122510706649734	1.515716566510398
2R	25214400	25215200	2R	25225600	25226400	0.0007700068199275846	1.515716566510398
2R	22546400	22547200	2R	22560800	22561600	0.0060003911064710515	1.515716566510398
2R	22564000	22564800	2R	22589600	22590400	0.0013095734454821408	2.6390158215457884
2R	22569600	22570400	2R	22592000	22592800	2.837889923057446e-10	2.6390158215457884
2R	22594400	22595200	2R	22650400	22651200	0.0	1.515716566510398
2R	22595200	22596000	2R	22656000	22656800	0.007199335649507511	1.515716566510398
2R	22595200	22596000	2R	22659200	22660000	0.008155229891189109	1.515716566510398
2R	22611200	22612000	2R	22633600	22634400	0.009815899750546864	2.6390158215457884
2R	22678400	22679200	2R	22688800	22689600	1.7439509265264926e-08	1.515716566510398
2R	22692800	22693600	2R	22698400	22699200	0.0003911424530000209	2.6390158215457884
2R	22811200	22812000	2R	22848000	22848800	0.005657352880863831	2.6390158215457884
2R	22970400	22971200	2R	22999200	23000000	0.0019536370069971835	1.515716566510398
2R	23002400	23003200	2R	23044000	23044800	0.006085535208980284	2.6390158215457884
2R	23073600	23074400	2R	23356000	23356800	0.006341812750350608	2.6390158215457884
2R	23111200	23112000	2R	23320800	23321600	0.0064142031694971995	1.515716566510398
2R	23204000	23204800	2R	23328000	23328800	0.0	1.515716566510398
2R	23228800	23229600	2R	23286400	23287200	0.0	1.515716566510398
2R	23703200	23704000	2R	23809600	23810400	0.003585657294257989	3.4822022531844965
2R	23746400	23747200	2R	23808800	23809600	0.0001743940300250837	1.515716566510398
2R	23908800	23909600	2R	23923200	23924000	5.288381594859004e-06	1.515716566510398
3L	9004800	9005600	3L	9019200	9020000	0.0003523999390763526	1.515716566510398
3L	9004800	9005600	3L	9040800	9041600	2.119855959735701e-07	1.515716566510398
3L	9019200	9020000	3L	9040800	9041600	4.5799000955329654e-11	1.515716566510398
3L	9479200	9480000	3L	9484800	9485600	0.0032672727906368133	2.6390158215457884
3L	9512000	9512800	3L	9628800	9629600	0.00024601542746773583	3.031433133020796
3L	9868800	9869600	3L	9885600	9886400	0.0006820167139865996	2.6390158215457884
3L	9988800	9989600	3L	10182400	10183200	0.0004152215847450046	1.515716566510398
3L	10236800	10237600	3L	10324000	10324800	0.002829182210590618	1.515716566510398
3L	10245600	10246400	3L	10321600	10322400	0.0	1.515716566510398
3L	10245600	10246400	3L	10325600	10326400	1.3035845301487825e-05	1.515716566510398
3L	10289600	10290400	3L	10307200	10308000	1.2979719702860029e-05	2.6390158215457884
3L	10320800	10321600	3L	10427200	10428000	1.9722032342593048e-06	1.515716566510398
3L	10736800	10737600	3L	10849600	10850400	0.0008429203005130668	1.515716566510398
3L	10736800	10737600	3L	10856800	10857600	0.0	1.515716566510398
3L	10899200	10900000	3L	11040800	11041600	1.874183612230577e-05	1.515716566510398
3L	3223200	3224000	3L	3304000	3304800	0.008106233706254752	1.515716566510398
3L	3223200	3224000	3L	3319200	3320000	0.0030598849169829467	1.515716566510398
3L	3228000	3228800	3L	3235200	3236000	0.006560779626949822	3.4822022531844965
3L	3288000	3288800	3L	3616000	3616800	0.00042968364464450156	1.515716566510398
3L	3472000	3472800	3L	3515200	3516000	2.293805067867292e-05	1.515716566510398
3L	3597600	3598400	3L	3613600	3614400	0.0014444305244712171	2.6390158215457884
3L	3682400	3683200	3L	3709600	3710400	0.0007629818670913233	2.6390158215457884
3L	3845600	3846400	3L	3878400	3879200	5.815538526933649e-12	1.515716566510398
3L	4112800	4113600	3L	4129600	4130400	0.0011410713284469352	3.4822022531844965
3L	4244000	4244800	3L	4249600	4250400	3.2335651819957534e-05	2.6390158215457884
3L	4326400	4327200	3L	4344000	4344800	0.009054719635954344	2.6390158215457884
3L	4371200	4372000	3L	4400800	4401600	8.550653174843603e-05	3.031433133020796
3L	6744000	6744800	3L	6752000	6752800	4.2294026176018695e-10	2.6390158215457884
3L	6784800	6785600	3L	6902400	6903200	0.00628588538897934	1.515716566510398
3L	6789600	6790400	3L	6904000	6904800	0.0	1.515716566510398
3L	6981600	6982400	3L	6992800	6993600	0.0029689421748973375	2.6390158215457884
3L	7156800	7157600	3L	7242400	7243200	0.0008961770162447743	1.515716566510398
3L	7157600	7158400	3L	7238400	7239200	0.001553824665049409	2.6390158215457884
3L	7528000	7528800	3L	7726400	7727200	0.0003549259226620194	1.515716566510398
3L	7553600	7554400	3L	7604800	7605600	6.638467553443661e-12	1.515716566510398
3L	7641600	7642400	3L	7654400	7655200	2.9661659200054046e-05	2.6390158215457884
3L	7781600	7782400	3L	7804800	7805600	8.412728405571279e-08	1.515716566510398
3L	7781600	7782400	3L	7808800	7809600	2.725384555215025e-08	1.515716566510398
3L	7911200	7912000	3L	7936000	7936800	0.004689295518543768	1.515716566510398
3L	7912800	7913600	3L	7976800	7977600	0.0017284314801607255	2.6390158215457884
3L	7914400	7915200	3L	7933600	7934400	1.1934305044203341e-09	2.6390158215457884
3L	7980800	7981600	3L	7995200	7996000	0.0013878261124309148	3.4822022531844965
3L	5184800	5185600	3L	5277600	5278400	0.0002032328477993145	1.515716566510398
3L	5366400	5367200	3L	5563200	5564000	0.00017242576957576447	3.031433133020796
3L	5780000	5780800	3L	5792800	5793600	0.003383776324426401	2.6390158215457884
3L	11224800	11225600	3L	11511200	11512000	6.199718552424294e-08	3.4822022531844965
3L	11227200	11228000	3L	11523200	11524000	0.0025541574472189342	1.515716566510398
3L	11232800	11233600	3L	11512800	11513600	0.007994363128523809	1.515716566510398
3L	11236000	11236800	3L	11433600	11434400	0.002027486992471206	2.6390158215457884
3L	11240000	11240800	3L	11399200	11400000	0.004440569934982695	1.515716566510398
3L	11245600	11246400	3L	11417600	11418400	0.0005709167966790039	2.6390158215457884
3L	11246400	11247200	3L	11487200	11488000	0.0	2.6390158215457884
3L	11246400	11247200	3L	11492000	11492800	0.0007515458492534574	1.515716566510398
3L	11247200	11248000	3L	11428000	11428800	0.0	1.515716566510398
3L	11248000	11248800	3L	11436000	11436800	0.004729138949255476	1.515716566510398
3L	11249600	11250400	3L	11482400	11483200	0.0007920648820724378	1.515716566510398
3L	11251200	11252000	3L	11416800	11417600	0.004357096590797092	1.515716566510398
3L	11252000	11252800	3L	11428800	11429600	3.5897168835336265e-11	1.515716566510398
3L	11252000	11252800	3L	11487200	11488000	0.0	1.515716566510398
3L	11260800	11261600	3L	11416800	11417600	0.0017803897826057006	2.6390158215457884
3L	11260800	11261600	3L	11488800	11489600	0.000573921544044731	1.515716566510398
3L	11287200	11288000	3L	11431200	11432000	0.00717135172312165	1.515716566510398
3L	11428800	11429600	3L	11486400	11487200	0.0	1.515716566510398
3L	11509600	11510400	3L	11578400	11579200	0.0	1.515716566510398
3L	11684000	11684800	3L	11689600	11690400	0.000771784968467073	2.6390158215457884
3L	11698400	11699200	3L	11705600	11706400	0.0007515458492534574	3.031433133020796
3L	11824800	11825600	3L	12119200	12120000	0.00022585924894458824	3.4822022531844965
3L	12125600	12126400	3L	12130400	12131200	0.001366662072081226	1.515716566510398
3L	12417600	12418400	3L	12470400	12471200	1.1494166616506813e-06	2.6390158215457884
3L	12433600	12434400	3L	12467200	12468000	0.0	3.4822022531844965
3L	12507200	12508000	3L	12521600	12522400	0.008921121988997473	3.4822022531844965
3L	12580000	12580800	3L	12608800	12609600	1.6541797371485614e-08	1.515716566510398
3L	12593600	12594400	3L	12618400	12619200	3.7208423137653e-07	1.515716566510398
3L	12608800	12609600	3L	12692800	12693600	0.00022585924894458824	2.6390158215457884
3L	12652800	12653600	3L	12731200	12732000	9.158527815245066e-08	2.6390158215457884
3L	12652800	12653600	3L	12692800	12693600	0.0	1.515716566510398
3L	32000	32800	3L	127200	128000	0.0008094395977864782	2.6390158215457884
3L	43200	44000	3L	99200	100000	0.001148331380954472	1.515716566510398
3L	43200	44000	3L	122400	123200	9.872926480593863e-06	2.6390158215457884
3L	45600	46400	3L	128000	128800	8.939307115685471e-06	2.6390158215457884
3L	51200	52000	3L	106400	107200	0.00616697164566396	2.6390158215457884
3L	57600	58400	3L	107200	108000	0.006439124388512142	2.6390158215457884
3L	249600	250400	3L	255200	256000	0.004775449282642259	2.6390158215457884
3L	300000	300800	3L	316000	316800	0.005753872339017823	3.4822022531844965
3L	377600	378400	3L	432000	432800	1.5247819894060534e-07	1.515716566510398
3L	457600	458400	3L	490400	491200	0.008791470307316623	1.515716566510398
3L	672800	673600	3L	748800	749600	3.842175255201818e-11	1.515716566510398
3L	852000	852800	3L	869600	870400	0.006095031840479833	2.6390158215457884
3L	852800	853600	3L	2227200	2228000	0.0010438388230143713	1.515716566510398
3L	868000	868800	3L	2234400	2235200	0.0012255193059810784	1.515716566510398
3L	968000	968800	3L	1206400	1207200	4.247567788995266e-06	1.515716566510398
3L	1098400	1099200	3L	1176800	1177600	1.2607137556130965e-11	1.515716566510398
3L	1101600	1102400	3L	1177600	1178400	0.0	2.6390158215457884
3L	1351200	1352000	3L	1488800	1489600	0.0058916633719327035	1.515716566510398
3L	1354400	1355200	3L	1472000	1472800	0.008791470307316623	2.6390158215457884
3L	1362400	1363200	3L	1477600	1478400	0.007781203190184689	1.515716566510398
3L	1367200	1368000	3L	1463200	1464000	0.0	1.515716566510398
3L	1367200	1368000	3L	1468000	1468800	0.00023950088308775835	1.515716566510398
3L	1503200	1504000	3L	1544800	1545600	0.002313196328073801	2.6390158215457884
3L	1519200	1520000	3L	1533600	1534400	0.007980381718113104	2.6390158215457884
3L	1536800	1537600	3L	1568800	1569600	0.0001662719087177091	1.515716566510398
3L	1538400	1539200	3L	1544000	1544800	0.009807603659123941	1.515716566510398
3L	1570400	1571200	3L	1574400	1575200	0.001708564961388568	2.6390158215457884
3L	1688000	1688800	3L	1809600	1810400	0.0002540854978647451	1.515716566510398
3L	1990400	1991200	3L	2344800	2345600	0.005851610738027928	1.515716566510398
3L	1997600	1998400	3L	2228000	2228800	0.0008094395977864782	1.515716566510398
3L	2028800	2029600	3L	2284000	2284800	0.00616697164566396	1.515716566510398
3L	2071200	2072000	3L	2339200	2340000	0.006527308888301898	1.515716566510398
3L	2408800	2409600	3L	2531200	2532000	0.003361407504584084	1.515716566510398
3L	2468000	2468800	3L	2482400	2483200	0.00019618018348671102	2.6390158215457884
3L	2533600	2534400	3L	2550400	2551200	0.001934114472833226	3.031433133020796
3L	2588800	2589600	3L	2633600	2634400	0.0065008100316955395	3.4822022531844965
3L	2634400	2635200	3L	2766400	2767200	3.7979564766519416e-05	2.6390158215457884
3L	2879200	2880000	3L	3037600	3038400	0.003201757884347018	1.515716566510398
3L	2879200	2880000	3L	3071200	3072000	0.008451293535002248	1.515716566510398
3L	3096800	3097600	3L	3121600	3122400	0.001934114472833226	1.515716566510398
3L	3151200	3152000	3L	3156800	3157600	0.0005592460822138624	2.6390158215457884
3L	12807200	12808000	3L	12812800	12813600	0.00015589572931344609	1.515716566510398
3L	13113600	13114400	3L	13228000	13228800	0.0	1.515716566510398
3L	13392800	13393600	3L	13407200	13408000	0.0011547436442065277	3.4822022531844965
3L	13488800	13489600	3L	13500000	13500800	0.0002675108369876783	2.6390158215457884
3L	13504000	13504800	3L	13510400	13511200	0.005371863797228522	2.6390158215457884
3L	14011200	14012000	3L	14024800	14025600	0.0015351565576990143	2.6390158215457884
3L	14111200	14112000	3L	14189600	14190400	0.0002675108369876783	1.515716566510398
3L	14132000	14132800	3L	14176800	14177600	1.1852680592957679e-07	2.6390158215457884
3L	14190400	14191200	3L	14212000	14212800	0.007239905253462005	1.515716566510398
3L	25794400	25795200	3L	26024800	26025600	0.00168388536918194	2.6390158215457884
3L	22408800	22409600	3L	22572000	22572800	2.3897074795188797e-12	2.6390158215457884
3L	22729600	22730400	3L	22739200	22740000	0.004997278933839796	3.031433133020796
3L	22872800	22873600	3L	22876800	22877600	7.862352561804897e-05	1.515716566510398
3L	22940000	22940800	3L	22958400	22959200	5.450298795582254e-06	2.6390158215457884
3L	23037600	23038400	3L	23176800	23177600	0.005680847238526158	1.515716566510398
3L	23278400	23279200	3L	23337600	23338400	0.007445755038017072	1.515716566510398
3L	14273600	14274400	3L	14409600	14410400	0.0076464013923403466	1.515716566510398
3L	14578400	14579200	3L	14600000	14600800	1.9727997013774254e-12	1.515716566510398
3L	14764000	14764800	3L	14772800	14773600	0.00022846473037174206	3.4822022531844965
3L	14792000	14792800	3L	14800000	14800800	0.0003300406641956103	2.6390158215457884
3L	14944800	14945600	3L	14973600	14974400	0.004910908881084558	2.6390158215457884
3L	15119200	15120000	3L	15133600	15134400	0.00037564297312377295	3.4822022531844965
3L	15144000	15144800	3L	15158400	15159200	0.0005998279675524002	1.515716566510398
3L	15700000	15700800	3L	15728800	15729600	0.0	1.515716566510398
3L	15848000	15848800	3L	15952800	15953600	0.00799489058600727	1.515716566510398
3L	15926400	15927200	3L	15951200	15952000	0.0002695426285793482	3.4822022531844965
3L	16005600	16006400	3L	16010400	16011200	0.0042042164467764424	1.515716566510398
3L	16593600	16594400	3L	16601600	16602400	0.0	1.515716566510398
3L	16715200	16716000	3L	16728800	16729600	0.0007734500676019344	2.6390158215457884
3L	16743200	16744000	3L	16764800	16765600	0.00031889102612817473	2.6390158215457884
3L	16865600	16866400	3L	17011200	17012000	0.0061371578611425625	1.515716566510398
3L	16891200	16892000	3L	16981600	16982400	0.0060523421245548305	2.6390158215457884
3L	17073600	17074400	3L	17316000	17316800	0.0042042164467764424	1.515716566510398
3L	17128800	17129600	3L	17292000	17292800	0.0017287247655159094	1.515716566510398
3L	17242400	17243200	3L	17338400	17339200	1.4131630380597317e-05	2.6390158215457884
3L	17467200	17468000	3L	17472800	17473600	0.009028173072258327	2.6390158215457884
3L	18744000	18744800	3L	20004000	20004800	0.0	2.6390158215457884
3L	19141600	19142400	3L	19515200	19516000	7.457866967803033e-06	1.515716566510398
3L	19422400	19423200	3L	19468000	19468800	0.0	1.515716566510398
3L	19423200	19424000	3L	19477600	19478400	0.0	1.515716566510398
3L	19423200	19424000	3L	19487200	19488000	0.0	1.515716566510398
3L	19636000	19636800	3L	19791200	19792000	0.005526235343368501	1.515716566510398
3L	19664000	19664800	3L	19682400	19683200	2.1850685705260275e-08	2.6390158215457884
3L	19689600	19690400	3L	19777600	19778400	0.007413162504722187	2.6390158215457884
3L	19690400	19691200	3L	19706400	19707200	0.0007727598815453262	3.4822022531844965
3L	19697600	19698400	3L	19777600	19778400	0.002016906771772995	2.6390158215457884
3L	19875200	19876000	3L	19892000	19892800	0.004884017632669127	3.4822022531844965
3L	19896800	19897600	3L	19908000	19908800	1.1495224680787823e-06	2.6390158215457884
3L	19916000	19916800	3L	19921600	19922400	0.009070872341988268	1.515716566510398
3L	20106400	20107200	3L	20124800	20125600	0.003450067643305744	2.6390158215457884
3L	20322400	20323200	3L	20346400	20347200	0.0	1.515716566510398
3L	20474400	20475200	3L	20492800	20493600	0.0034717890266053454	2.6390158215457884
3L	17804800	17805600	3L	17843200	17844000	0.0005630529779568414	3.031433133020796
3L	20620800	20621600	3L	20695200	20696000	0.0	1.515716566510398
3L	17988800	17989600	3L	18017600	18018400	4.2521181769033054e-08	2.6390158215457884
3L	20620800	20621600	3L	20710400	20711200	0.009070872341988268	1.515716566510398
3L	18063200	18064000	3L	18087200	18088000	0.006627526293577324	1.515716566510398
3L	18186400	18187200	3L	18233600	18234400	0.0	1.515716566510398
3L	18304000	18304800	3L	18440000	18440800	0.0	1.515716566510398
3L	18684000	18684800	3L	18743200	18744000	9.153429680030494e-05	1.515716566510398
3L	19104800	19105600	3L	19128000	19128800	0.001212458644853628	3.4822022531844965
3L	21008800	21009600	3L	21025600	21026400	0.0	1.515716566510398
3L	21036800	21037600	3L	21044000	21044800	0.0030805370287736726	3.4822022531844965
3L	21136000	21136800	3L	21334400	21335200	0.0009821084657835614	1.515716566510398
3L	21196800	21197600	3L	21216000	21216800	3.407901457347373e-05	1.515716566510398
3L	21460000	21460800	3L	21477600	21478400	0.00018925212042643244	2.6390158215457884
3L	21484000	21484800	3L	21604000	21604800	0.005115962783874453	1.515716566510398
3L	21584800	21585600	3L	21598400	21599200	5.8835789061913555e-05	1.515716566510398
3L	21604000	21604800	3L	21652000	21652800	7.277478211467427e-05	2.6390158215457884
3L	21843200	21844000	3L	21878400	21879200	0.00010112585950177985	2.6390158215457884
3L	22269600	22270400	3L	22285600	22286400	0.0009942093542610355	2.6390158215457884
3R	3383200	3384000	3R	3906400	3907200	6.10755487895988e-05	1.515716566510398
3R	4052800	4053600	3R	4082400	4083200	0.0012756506003633948	1.515716566510398
3R	4204000	4204800	3R	4218400	4219200	0.006909215499368653	2.6390158215457884
3R	4349600	4350400	3R	4376800	4377600	0.003758276664275181	2.6390158215457884
3R	4405600	4406400	3R	4425600	4426400	0.0012542865866431066	3.4822022531844965
3R	4452800	4453600	3R	4477600	4478400	8.014449650583467e-06	2.6390158215457884
3R	4478400	4479200	3R	4640800	4641600	0.0012230550328408845	1.515716566510398
3R	4485600	4486400	3R	4640000	4640800	0.00507573999544127	3.031433133020796
3R	4751200	4752000	3R	4772800	4773600	0.0002483785238847168	2.6390158215457884
3R	4835200	4836000	3R	4852000	4852800	5.9807283371737796e-05	1.515716566510398
3R	4884800	4885600	3R	4903200	4904000	0.002617456897747432	3.031433133020796
3R	4964000	4964800	3R	4968000	4968800	0.007294374585491591	2.6390158215457884
3R	4975200	4976000	3R	5085600	5086400	0.0007090074887632081	2.6390158215457884
3R	4984800	4985600	3R	5125600	5126400	0.004973007918595258	2.6390158215457884
3R	5394400	5395200	3R	5463200	5464000	0.00034123543665028815	3.4822022531844965
3R	5593600	5594400	3R	5598400	5599200	0.0023031494862999886	2.6390158215457884
3R	5615200	5616000	3R	5620800	5621600	0.0007379943524634156	2.6390158215457884
3R	5862400	5863200	3R	6008800	6009600	0.0010462141206992854	1.515716566510398
3R	5960000	5960800	3R	6081600	6082400	0.001974715792840571	1.515716566510398
3R	6008800	6009600	3R	6170400	6171200	0.0010677710033206108	1.515716566510398
3R	6012800	6013600	3R	6035200	6036000	0.0026963748779274266	3.031433133020796
3R	8181600	8182400	3R	8190400	8191200	4.2506739055259147e-07	1.515716566510398
3R	8344000	8344800	3R	8561600	8562400	0.0020820686456750168	1.515716566510398
3R	8355200	8356000	3R	8669600	8670400	0.00882997488347923	1.515716566510398
3R	8477600	8478400	3R	8528800	8529600	4.591587332569702e-09	1.515716566510398
3R	8567200	8568000	3R	8647200	8648000	0.0036122914265831092	2.6390158215457884
3R	8680000	8680800	3R	8697600	8698400	0.0007011811889148677	3.4822022531844965
3R	8808800	8809600	3R	8819200	8820000	0.00012553572071094532	2.6390158215457884
3R	8865600	8866400	3R	8920800	8921600	0.00010857616477009668	2.6390158215457884
3R	8865600	8866400	3R	8930400	8931200	7.216846039864928e-06	3.031433133020796
3R	8865600	8866400	3R	8916000	8916800	1.7389119220889704e-05	2.6390158215457884
3R	9040800	9041600	3R	9045600	9046400	0.003995446207696124	1.515716566510398
3R	9260000	9260800	3R	9334400	9335200	0.0001807002502101381	3.031433133020796
3R	9268000	9268800	3R	9332800	9333600	0.0021708300686949394	2.6390158215457884
3R	9276800	9277600	3R	9324000	9324800	0.009308406461605754	2.6390158215457884
3R	9418400	9419200	3R	9428000	9428800	0.0033663982865382133	1.515716566510398
3R	10896000	10896800	3R	11204800	11205600	0.002640350808462446	2.6390158215457884
3R	11225600	11226400	3R	11240800	11241600	0.0	1.515716566510398
3R	11254400	11255200	3R	11372000	11372800	4.0718886762936e-06	1.515716566510398
3R	11268800	11269600	3R	11312000	11312800	0.0	1.515716566510398
3R	11352800	11353600	3R	11372000	11372800	0.0	1.515716566510398
3R	11613600	11614400	3R	11618400	11619200	0.0017723386447259261	1.515716566510398
3R	12244000	12244800	3R	12279200	12280000	0.0	1.515716566510398
3R	12396000	12396800	3R	12403200	12404000	3.3773851042570065e-06	1.515716566510398
3R	12414400	12415200	3R	12421600	12422400	0.0015953853057104617	2.6390158215457884
3R	12629600	12630400	3R	12636000	12636800	0.007476912686704962	2.6390158215457884
3R	12679200	12680000	3R	12690400	12691200	0.009268419325848265	2.6390158215457884
3R	6407200	6408000	3R	6424800	6425600	0.0001328798340172188	2.6390158215457884
3R	6648800	6649600	3R	6655200	6656000	4.0587006136264236e-05	2.6390158215457884
3R	6708000	6708800	3R	6760000	6760800	0.0024837343209794236	2.6390158215457884
3R	6768000	6768800	3R	6808000	6808800	0.004902567761887212	3.031433133020796
3R	6780000	6780800	3R	6806400	6807200	0.0	1.515716566510398
3R	6848800	6849600	3R	6892800	6893600	0.0	1.515716566510398
3R	6853600	6854400	3R	6871200	6872000	0.0	3.4822022531844965
3R	6911200	6912000	3R	6972800	6973600	1.0262710548140468e-05	2.6390158215457884
3R	6913600	6914400	3R	6965600	6966400	0.001287172272947957	1.515716566510398
3R	6932800	6933600	3R	6969600	6970400	0.0001450207753720154	1.515716566510398
3R	7000000	7000800	3R	7036800	7037600	0.0	1.515716566510398
3R	7068000	7068800	3R	7072800	7073600	0.0008635909799162035	1.515716566510398
3R	7095200	7096000	3R	7100800	7101600	0.002733484749849191	2.6390158215457884
3R	7103200	7104000	3R	7108000	7108800	0.00798418069418671	1.515716566510398
3R	7112000	7112800	3R	7121600	7122400	0.00034248137441565853	3.031433133020796
3R	7304000	7304800	3R	7345600	7346400	0.007912080739704817	2.6390158215457884
3R	7347200	7348000	3R	7810400	7811200	6.87725162804499e-06	3.031433133020796
3R	7393600	7394400	3R	7639200	7640000	3.530962747952393e-05	1.515716566510398
3R	7473600	7474400	3R	7530400	7531200	0.006914591875448739	1.515716566510398
3R	7936800	7937600	3R	7962400	7963200	0.0006833428467911684	1.515716566510398
3R	9727200	9728000	3R	9738400	9739200	0.00201195835442905	2.6390158215457884
3R	9810400	9811200	3R	9867200	9868000	0.00453240153630997	2.6390158215457884
3R	9873600	9874400	3R	9978400	9979200	8.040243568446342e-05	1.515716566510398
3R	10351200	10352000	3R	10356000	10356800	0.0019689623673411548	1.515716566510398
3R	10536000	10536800	3R	10616000	10616800	2.243441196214668e-06	3.031433133020796
3R	10898400	10899200	3R	11189600	11190400	0.006992164919219091	1.515716566510398
3R	10905600	10906400	3R	11145600	11146400	0.006490984042480299	1.515716566510398
3R	10917600	10918400	3R	11147200	11148000	0.0005368983286318563	1.515716566510398
3R	10919200	10920000	3R	11185600	11186400	0.00944287053767958	1.515716566510398
3R	10924000	10924800	3R	11196800	11197600	0.006992164919219091	1.515716566510398
3R	10950400	10951200	3R	11179200	11180000	0.008664994955395426	1.515716566510398
3R	10965600	10966400	3R	11087200	11088000	0.008688684681176742	3.031433133020796
3R	10966400	10967200	3R	11191200	11192000	0.00945800742423554	3.4822022531844965
3R	12765600	12766400	3R	12928800	12929600	0.00512765942083251	2.6390158215457884
3R	12776800	12777600	3R	12928000	12928800	0.006931016407348665	2.6390158215457884
3R	12783200	12784000	3R	12915200	12916000	8.885720442270377e-13	1.515716566510398
3R	12785600	12786400	3R	12928000	12928800	0.0012419484957362514	3.031433133020796
3R	12848800	12849600	3R	12915200	12916000	0.0005849812986984393	2.6390158215457884
3R	12961600	12962400	3R	12980000	12980800	0.008681686039484979	1.515716566510398
3R	13000000	13000800	3R	13008800	13009600	3.651508147506029e-05	3.4822022531844965
3R	13034400	13035200	3R	13048800	13049600	4.6282421103098906e-05	3.4822022531844965
3R	13064800	13065600	3R	13075200	13076000	0.004386606333836567	2.6390158215457884
3R	13114400	13115200	3R	13348800	13349600	0.008681686039484979	1.515716566510398
3R	13214400	13215200	3R	13372800	13373600	1.9435486971678137e-05	2.6390158215457884
3R	13272000	13272800	3R	13308800	13309600	2.0035814556481253e-05	1.515716566510398
3R	13449600	13450400	3R	13538400	13539200	1.6290487477495692e-12	1.515716566510398
3R	13645600	13646400	3R	13684000	13684800	0.004386606333836567	2.6390158215457884
3R	13646400	13647200	3R	13660000	13660800	0.00011947464637775961	1.515716566510398
3R	13676800	13677600	3R	13681600	13682400	0.0002897926619401189	1.515716566510398
3R	13794400	13795200	3R	13812800	13813600	0.0008517369047418737	1.515716566510398
3R	13876800	13877600	3R	13900800	13901600	8.885720442270377e-13	2.6390158215457884
3R	13976800	13977600	3R	14017600	14018400	0.000825316449343088	1.515716566510398
3R	13983200	13984000	3R	14012800	14013600	0.0033616123662276866	1.515716566510398
3R	13983200	13984000	3R	14017600	14018400	7.208540708791844e-11	1.515716566510398
3R	14108000	14108800	3R	14278400	14279200	0.0007555132044550222	1.515716566510398
3R	14108000	14108800	3R	14286400	14287200	0.004646005676719096	1.515716566510398
3R	14167200	14168000	3R	14249600	14250400	0.003031018450017397	1.515716566510398
3R	14279200	14280000	3R	14284800	14285600	0.002697319705856752	2.6390158215457884
3R	14288800	14289600	3R	14295200	14296000	0.0011834539815048625	2.6390158215457884
3R	14308800	14309600	3R	14315200	14316000	0.0006380931896827572	1.515716566510398
3R	14347200	14348000	3R	14372000	14372800	1.6729585931389104e-07	3.031433133020796
3R	14346400	14347200	3R	14381600	14382400	0.0013841629911789325	3.031433133020796
3R	20634400	20635200	3R	20829600	20830400	0.005621774968957786	1.515716566510398
3R	21158400	21159200	3R	21176800	21177600	0.004764120974851772	2.6390158215457884
3R	21225600	21226400	3R	21267200	21268000	0.0061531064104026825	2.6390158215457884
3R	21351200	21352000	3R	21357600	21358400	0.005475660660861666	2.6390158215457884
3R	21364800	21365600	3R	21372000	21372800	0.0002131478149988745	3.4822022531844965
3R	21388000	21388800	3R	21557600	21558400	0.0004996910848119734	1.515716566510398
3R	21388800	21389600	3R	21404000	21404800	8.388002492697024e-05	3.031433133020796
3R	21488800	21489600	3R	21519200	21520000	3.047708287760222e-09	1.515716566510398
3R	21581600	21582400	3R	21617600	21618400	9.462054141571943e-06	3.031433133020796
3R	21605600	21606400	3R	21617600	21618400	1.0774787004224567e-06	2.6390158215457884
3R	21633600	21634400	3R	21660000	21660800	0.00053188650152194	2.6390158215457884
3R	21824800	21825600	3R	21855200	21856000	6.2750745252304625e-06	3.4822022531844965
3R	21928000	21928800	3R	21971200	21972000	0.0017800415965591881	1.515716566510398
3R	19239200	19240000	3R	19777600	19778400	6.442298560194182e-05	1.515716566510398
3R	20254400	20255200	3R	20284000	20284800	0.0016396617079204034	3.031433133020796
3R	20255200	20256000	3R	20274400	20275200	0.004370240479905464	2.6390158215457884
3R	20736000	20736800	3R	20760800	20761600	0.005006873164066672	2.6390158215457884
3R	22448000	22448800	3R	22460000	22460800	0.0032770334095293995	2.6390158215457884
3R	22548800	22549600	3R	22579200	22580000	2.4061937640284225e-05	1.515716566510398
3R	22839200	22840000	3R	22897600	22898400	4.509528553045231e-12	1.515716566510398
3R	23120000	23120800	3R	23125600	23126400	0.004724333641051943	2.6390158215457884
3R	23333600	23334400	3R	23345600	23346400	4.841231918456799e-06	2.6390158215457884
3R	23348800	23349600	3R	23354400	23355200	0.0013506210517623886	1.515716566510398
3R	23358400	23359200	3R	23680800	23681600	0.001228455893116027	3.031433133020796
3R	23774400	23775200	3R	23779200	23780000	0.0032770334095293995	2.6390158215457884
3R	23819200	23820000	3R	23889600	23890400	0.008987849237758987	3.031433133020796
3R	23822400	23823200	3R	23848000	23848800	9.614926295421724e-05	2.6390158215457884
3R	23829600	23830400	3R	23848000	23848800	6.8684146227658365e-09	2.6390158215457884
3R	23894400	23895200	3R	23919200	23920000	0.0007330931850511619	3.4822022531844965
3R	16050400	16051200	3R	16098400	16099200	0.002130372903957022	1.515716566510398
3R	16189600	16190400	3R	16202400	16203200	0.001692336531899958	3.4822022531844965
3R	16207200	16208000	3R	16240800	16241600	0.0006150131982782598	2.6390158215457884
3R	16207200	16208000	3R	16250400	16251200	0.0027816456568696135	2.6390158215457884
3R	16404000	16404800	3R	16413600	16414400	0.00870495525494773	1.515716566510398
3R	16456800	16457600	3R	16467200	16468000	0.0009528568822004555	3.4822022531844965
3R	16656800	16657600	3R	16797600	16798400	1.8036977680399846e-05	2.6390158215457884
3R	16702400	16703200	3R	16764000	16764800	1.0530298898103753e-06	1.515716566510398
3R	16718400	16719200	3R	16731200	16732000	6.3417128104426e-07	3.4822022531844965
3R	16734400	16735200	3R	16829600	16830400	0.001668529254353517	1.515716566510398
3R	16748000	16748800	3R	16797600	16798400	0.0022879064274864878	1.515716566510398
3R	16764000	16764800	3R	16828800	16829600	0.0008833714927632222	1.515716566510398
3R	16799200	16800000	3R	16834400	16835200	0.00042397850185146244	1.515716566510398
3R	16868000	16868800	3R	16956800	16957600	0.0011099262072343065	2.6390158215457884
3R	16868800	16869600	3R	16969600	16970400	0.006164458345164484	1.515716566510398
3R	16869600	16870400	3R	16881600	16882400	0.00022221605005788572	1.515716566510398
3R	16876000	16876800	3R	16933600	16934400	0.00039737295608927817	2.6390158215457884
3R	16899200	16900000	3R	16918400	16919200	6.537511273071081e-12	2.6390158215457884
3R	16898400	16899200	3R	16933600	16934400	0.0	2.6390158215457884
3R	16919200	16920000	3R	16934400	16935200	3.6456054539969947e-06	1.515716566510398
3R	16920000	16920800	3R	16948000	16948800	1.00853683524185e-09	1.515716566510398
3R	16958400	16959200	3R	16968800	16969600	3.161962484329358e-06	1.515716566510398
3R	17001600	17002400	3R	17041600	17042400	0.0006975871434227231	2.6390158215457884
3R	17173600	17174400	3R	17498400	17499200	0.008858580210549106	1.515716566510398
3R	17236800	17237600	3R	17449600	17450400	0.008748736535042222	1.515716566510398
3R	14725600	14726400	3R	14737600	14738400	0.0016574535458389241	2.6390158215457884
3R	14894400	14895200	3R	15094400	15095200	0.0019208762635567883	1.515716566510398
3R	14921600	14922400	3R	15180000	15180800	0.009954874428418099	1.515716566510398
3R	14943200	14944000	3R	15159200	15160000	0.008911431827817964	1.515716566510398
3R	15094400	15095200	3R	15147200	15148000	0.0022533525447140106	1.515716566510398
3R	15097600	15098400	3R	15129600	15130400	0.0013637863133264213	2.6390158215457884
3R	15099200	15100000	3R	15120800	15121600	0.002460661054697925	2.6390158215457884
3R	15244800	15245600	3R	15260800	15261600	0.008911431827817964	2.6390158215457884
3R	15322400	15323200	3R	15328000	15328800	0.0038427255444297564	2.6390158215457884
3R	15792800	15793600	3R	15972800	15973600	0.007250348521070702	1.515716566510398
3R	15888800	15889600	3R	15912800	15913600	0.0020595744556779747	2.6390158215457884
3R	15934400	15935200	3R	15963200	15964000	0.008633942376780848	2.6390158215457884
3R	15966400	15967200	3R	15971200	15972000	0.0023129410967495543	1.515716566510398
3R	24358400	24359200	3R	24528800	24529600	0.003455072093978526	2.6390158215457884
3R	25079200	25080000	3R	25094400	25095200	2.6999606501160795e-09	3.4822022531844965
3R	25098400	25099200	3R	25120800	25121600	0.0046172940797472115	2.6390158215457884
3R	25137600	25138400	3R	25184000	25184800	5.778629498687238e-06	1.515716566510398
3R	25250400	25251200	3R	25256800	25257600	0.003455072093978526	3.031433133020796
3R	17570400	17571200	3R	17600800	17601600	0.0005179249540422402	3.4822022531844965
3R	17608000	17608800	3R	17614400	17615200	0.00019504024108674874	3.031433133020796
3R	17619200	17620000	3R	17645600	17646400	1.9363526020705582e-09	2.6390158215457884
3R	17624000	17624800	3R	17644800	17645600	0.00014130190321044137	2.6390158215457884
3R	17632000	17632800	3R	17644000	17644800	0.006588038323400541	3.031433133020796
3R	17672800	17673600	3R	17679200	17680000	0.0027715678390936825	3.031433133020796
3R	17719200	17720000	3R	17793600	17794400	0.000366869347763199	2.6390158215457884
3R	17720800	17721600	3R	17731200	17732000	0.0022848858910780316	2.6390158215457884
3R	17920000	17920800	3R	17943200	17944000	0.0011633846819214038	1.515716566510398
3R	18030400	18031200	3R	18046400	18047200	0.0011887319556886644	2.6390158215457884
3R	18201600	18202400	3R	18212800	18213600	0.0022848858910780316	2.6390158215457884
3R	18215200	18216000	3R	18376800	18377600	0.0016563652437051781	1.515716566510398
3R	18259200	18260000	3R	18376800	18377600	0.0012785341560103349	1.515716566510398
3R	18985600	18986400	3R	19012000	19012800	0.0022848858910780316	2.6390158215457884
3R	25647200	25648000	3R	25880800	25881600	0.0001599549090596492	1.515716566510398
3R	25651200	25652000	3R	25657600	25658400	0.004569841287010517	3.4822022531844965
3R	25706400	25707200	3R	25744800	25745600	3.9991896662947756e-10	1.515716566510398
3R	25708800	25709600	3R	25844000	25844800	0.009228653858989855	3.4822022531844965
3R	25830400	25831200	3R	25848000	25848800	0.0071376910550105125	2.6390158215457884
3R	25882400	25883200	3R	25887200	25888000	0.0005437288138856689	1.515716566510398
3R	26044000	26044800	3R	26049600	26050400	3.0654610356324557e-06	2.6390158215457884
3R	26105600	26106400	3R	26259200	26260000	0.00017403277971830277	1.515716566510398
3R	26106400	26107200	3R	26128800	26129600	2.3660771786282453e-08	1.515716566510398
3R	26188800	26189600	3R	26535200	26536000	0.005599764067307579	1.515716566510398
3R	26452000	26452800	3R	26716800	26717600	0.00018473497421573232	1.515716566510398
3R	26537600	26538400	3R	26556000	26556800	0.0015397770774086374	2.6390158215457884
3R	26868800	26869600	3R	26873600	26874400	9.441112035917926e-07	2.6390158215457884
3R	26912800	26913600	3R	26944800	26945600	1.1540904716827388e-06	1.515716566510398
3R	26988800	26989600	3R	27027200	27028000	0.0004870449382227622	2.6390158215457884
3R	27117600	27118400	3R	27149600	27150400	0.005338912904634013	1.515716566510398
3R	27134400	27135200	3R	27149600	27150400	1.7158373170598498e-07	2.6390158215457884
3R	28735200	28736000	3R	29376800	29377600	1.5295595722102505e-05	1.515716566510398
3R	28800800	28801600	3R	29344800	29345600	4.782933532565537e-09	3.031433133020796
3R	28801600	28802400	3R	29376000	29376800	0.0	1.515716566510398
3R	28832800	28833600	3R	28842400	28843200	0.004978613284064848	2.6390158215457884
3R	28844800	28845600	3R	29039200	29040000	3.4514148137436754e-05	1.515716566510398
3R	28864800	28865600	3R	28884800	28885600	0.003963350147346062	2.6390158215457884
3R	28874400	28875200	3R	28885600	28886400	0.007009430183897113	3.031433133020796
3R	28888800	28889600	3R	29038400	29039200	0.0038708747059896893	3.031433133020796
3R	29040000	29040800	3R	29148000	29148800	0.007845846466601893	1.515716566510398
3R	29056800	29057600	3R	29061600	29062400	0.0070012679659342035	1.515716566510398
3R	29064000	29064800	3R	29087200	29088000	2.2771455681361604e-05	1.515716566510398
3R	29238400	29239200	3R	29245600	29246400	0.00022143311709397578	1.515716566510398
3R	29319200	29320000	3R	29490400	29491200	0.0007106519424350579	1.515716566510398
3R	29345600	29346400	3R	29376000	29376800	5.683164457555752e-10	1.515716566510398
3R	29495200	29496000	3R	29501600	29502400	0.00022831589882473096	2.6390158215457884
3R	29503200	29504000	3R	29591200	29592000	0.005977689236580127	1.515716566510398
3R	29556000	29556800	3R	29691200	29692000	1.4123814400407946e-05	2.6390158215457884
3R	29862400	29863200	3R	29867200	29868000	0.00019974942572597575	1.515716566510398
3R	29868800	29869600	3R	30021600	30022400	0.004459810907365882	1.515716566510398
3R	29879200	29880000	3R	29900000	29900800	1.9081137262825603e-08	3.4822022531844965
3R	30016000	30016800	3R	30020800	30021600	0.004186327914839934	1.515716566510398
3R	30024000	30024800	3R	30035200	30036000	0.002351015489932377	2.6390158215457884
3R	30273600	30274400	3R	30387200	30388000	0.002069216079531569	2.6390158215457884
3R	27253600	27254400	3R	27271200	27272000	0.004288365645185415	3.031433133020796
3R	27264800	27265600	3R	27270400	27271200	0.00026924431154702936	1.515716566510398
3R	27681600	27682400	3R	27696000	27696800	0.005330868739129417	2.6390158215457884
3R	27948000	27948800	3R	28340000	28340800	0.006546549215124043	1.515716566510398
3R	28047200	28048000	3R	28146400	28147200	0.004323198017586711	1.515716566510398
3R	28544800	28545600	3R	28634400	28635200	0.007529395394054614	1.515716566510398
3R	28547200	28548000	3R	28584800	28585600	1.5336670631451518e-07	1.515716566510398
3R	28547200	28548000	3R	28596800	28597600	0.005513583644707932	3.4822022531844965
3R	28636800	28637600	3R	28671200	28672000	2.9294102498321484e-05	3.4822022531844965
3R	30388000	30388800	3R	30465600	30466400	0.0002078900589310706	1.515716566510398
3R	30465600	30466400	3R	30563200	30564000	2.7639274922108825e-06	1.515716566510398
3R	30467200	30468000	3R	30600800	30601600	0.0009540812358072989	1.515716566510398
3R	30600800	30601600	3R	30788800	30789600	0.0025464298847833284	1.515716566510398
3R	30616000	30616800	3R	30764800	30765600	4.926781610700583e-08	1.515716566510398
3R	30765600	30766400	3R	30781600	30782400	0.001991358981568379	3.4822022531844965
3R	30946400	30947200	3R	31380800	31381600	9.2817752676989e-05	1.515716566510398
3R	31055200	31056000	3R	31059200	31060000	0.001934131679995779	2.6390158215457884
3R	31060800	31061600	3R	31220000	31220800	1.0678603466144963e-06	2.6390158215457884
3R	31064000	31064800	3R	31084000	31084800	0.0016114104240530457	2.6390158215457884
3R	31405600	31406400	3R	31608800	31609600	0.0077925228543801565	2.6390158215457884
3R	31485600	31486400	3R	31525600	31526400	0.0	1.515716566510398
3R	31495200	31496000	3R	31516800	31517600	4.217781679471955e-12	1.515716566510398
3R	31581600	31582400	3R	31594400	31595200	0.0002892143365012491	2.6390158215457884
3R	31688800	31689600	3R	31712800	31713600	0.0004734750294966778	2.6390158215457884
3R	31688800	31689600	3R	31724000	31724800	5.342219679960181e-07	2.6390158215457884
4	131200	132000	4	193600	194400	1.0251844090086109e-05	3.031433133020796
4	131200	132000	4	205600	206400	0.006638778948540545	1.515716566510398
4	192000	192800	4	314400	315200	0.0066052138126945804	2.6390158215457884
4	315200	316000	4	358400	359200	0.0026785999864582222	3.031433133020796
4	359200	360000	4	444000	444800	0.0020756165430674267	3.031433133020796
4	404000	404800	4	424800	425600	7.261818012101647e-07	1.515716566510398
4	416800	417600	4	423200	424000	0.0057700310707761646	1.515716566510398
4	571200	572000	4	661600	662400	0.002919705121013287	2.6390158215457884
4	610400	611200	4	661600	662400	0.004036128227025031	2.6390158215457884
4	704800	705600	4	843200	844000	0.0020628830624307335	1.515716566510398
4	808000	808800	4	833600	834400	0.0001306899363552731	1.515716566510398
4	836000	836800	4	979200	980000	0.00011934351313962266	3.031433133020796
4	867200	868000	4	958400	959200	0.0016462068035503665	1.515716566510398
4	1027200	1028000	4	1122400	1123200	0.0023762089077282067	1.515716566510398
4	1123200	1124000	4	1181600	1182400	0.00015391729130518247	1.515716566510398
X	149600	150400	X	293600	294400	0.001232570408755615	1.515716566510398
X	368800	369600	X	395200	396000	0.0	3.031433133020796
X	532000	532800	X	546400	547200	0.006371124024534619	3.4822022531844965
X	629600	630400	X	634400	635200	0.00013352647748029236	1.515716566510398
X	648000	648800	X	653600	654400	0.0005121899350864236	1.515716566510398
X	836800	837600	X	1008000	1008800	0.006371124024534619	1.515716566510398
X	844000	844800	X	1286400	1287200	0.0014315753716225893	2.6390158215457884
X	844000	844800	X	884800	885600	1.2248676091915675e-07	1.515716566510398
X	844000	844800	X	1009600	1010400	6.955455973083652e-09	1.515716566510398
X	940800	941600	X	1026400	1027200	0.006875159460532053	1.515716566510398
X	1135200	1136000	X	1163200	1164000	0.006087883407275285	1.515716566510398
X	1375200	1376000	X	1460000	1460800	0.0021196404936385527	1.515716566510398
X	1483200	1484000	X	1512000	1512800	2.6119106877331433e-11	1.515716566510398
X	1512800	1513600	X	1772800	1773600	0.004069076153222883	1.515716566510398
X	1546400	1547200	X	1817600	1818400	0.004547712597864427	1.515716566510398
X	1560800	1561600	X	1646400	1647200	0.008437287240939607	3.031433133020796
X	1665600	1666400	X	1694400	1695200	0.0017847108049121967	2.6390158215457884
X	1668800	1669600	X	1772800	1773600	0.0014867872972778144	1.515716566510398
X	1882400	1883200	X	1887200	1888000	0.0015466581766461404	3.4822022531844965
X	1928000	1928800	X	1939200	1940000	0.007022596671835275	1.515716566510398
X	1952800	1953600	X	2004800	2005600	4.327428138051204e-09	2.6390158215457884
X	2084000	2084800	X	2090400	2091200	0.0026427614845738233	3.4822022531844965
X	2096000	2096800	X	2110400	2111200	0.0012507134409916081	2.6390158215457884
X	2124800	2125600	X	2139200	2140000	0.0	3.4822022531844965
X	2293600	2294400	X	2306400	2307200	1.1675835709379356e-06	1.515716566510398
X	2306400	2307200	X	2324000	2324800	0.007575917287446872	1.515716566510398
X	2389600	2390400	X	2410400	2411200	0.00035181501519824946	3.4822022531844965
X	2390400	2391200	X	2416800	2417600	0.000657766295734219	3.4822022531844965
X	2973600	2974400	X	3026400	3027200	0.0	2.6390158215457884
X	3136000	3136800	X	3161600	3162400	3.8149037552137125e-09	2.6390158215457884
X	11153600	11154400	X	11324800	11325600	0.0004608178556720098	1.515716566510398
X	11153600	11154400	X	11340000	11340800	0.0018207441004356904	2.6390158215457884
X	11164800	11165600	X	11321600	11322400	0.002988078903554257	2.6390158215457884
X	11172000	11172800	X	11309600	11310400	0.0003802082460152748	1.515716566510398
X	11181600	11182400	X	11292800	11293600	0.00034904206901090716	1.515716566510398
X	11192000	11192800	X	11285600	11286400	0.00200769189864827	2.6390158215457884
X	11192000	11192800	X	11291200	11292000	0.0019371385282388543	2.6390158215457884
X	11325600	11326400	X	11338400	11339200	0.008574310672234903	1.515716566510398
X	11360800	11361600	X	11366400	11367200	0.0038848467955252134	2.6390158215457884
X	11372000	11372800	X	11386400	11387200	0.0010411830978891475	3.4822022531844965
X	11389600	11390400	X	11453600	11454400	1.7368567165963114e-05	1.515716566510398
X	11511200	11512000	X	11544000	11544800	0.00849757930244143	2.6390158215457884
X	11532000	11532800	X	11559200	11560000	8.182395237556405e-11	1.515716566510398
X	11584000	11584800	X	11605600	11606400	0.009413357449352669	2.6390158215457884
X	11625600	11626400	X	11650400	11651200	0.0062143784155829565	2.6390158215457884
X	11627200	11628000	X	11656000	11656800	0.0004845227898659884	3.7321319661472296
X	11695200	11696000	X	11713600	11714400	0.005895662345710737	1.515716566510398
X	11696800	11697600	X	11708000	11708800	0.0029549056121642536	2.6390158215457884
X	11733600	11734400	X	11786400	11787200	1.136483101546207e-06	3.4822022531844965
X	11734400	11735200	X	11767200	11768000	0.0028720354857776744	2.6390158215457884
X	12020800	12021600	X	12027200	12028000	0.0006055187200989303	2.6390158215457884
X	12028800	12029600	X	12496800	12497600	3.887337681493916e-06	1.515716566510398
X	12084800	12085600	X	12389600	12390400	8.712463596290467e-06	1.515716566510398
X	12085600	12086400	X	12202400	12203200	0.0	1.515716566510398
X	12091200	12092000	X	12201600	12202400	0.0002108451484701453	1.515716566510398
X	12202400	12203200	X	12388800	12389600	8.820918070047885e-11	1.515716566510398
X	12350400	12351200	X	12388800	12389600	0.0006182605721041507	1.515716566510398
X	12584800	12585600	X	12590400	12591200	0.004523522448464428	1.515716566510398
X	12661600	12662400	X	12674400	12675200	0.009527665139193986	3.4822022531844965
X	12716000	12716800	X	12742400	12743200	0.0	1.515716566510398
X	12717600	12718400	X	12733600	12734400	0.009098807503401963	3.031433133020796
X	12735200	12736000	X	12751200	12752000	1.0610368200320199e-05	1.515716566510398
X	3350400	3351200	X	3453600	3454400	0.004017091808414513	1.515716566510398
X	3368800	3369600	X	3451200	3452000	0.0	1.515716566510398
X	3485600	3486400	X	3572800	3573600	0.006688637755438185	1.515716566510398
X	3573600	3574400	X	3671200	3672000	3.19882325799011e-05	1.515716566510398
X	3676800	3677600	X	3688800	3689600	0.0039015091478449685	1.515716566510398
X	3676800	3677600	X	3695200	3696000	2.9172374235573642e-08	1.515716566510398
X	3722400	3723200	X	3738400	3739200	6.779828959514876e-06	3.4822022531844965
X	3742400	3743200	X	3777600	3778400	0.0	2.6390158215457884
X	3745600	3746400	X	3762400	3763200	0.0043366600098550595	2.6390158215457884
X	3751200	3752000	X	3766400	3767200	0.003709646619295412	1.515716566510398
X	3750400	3751200	X	3771200	3772000	0.0059346659736602666	2.6390158215457884
X	3813600	3814400	X	3833600	3834400	0.007710081309152626	2.6390158215457884
X	3863200	3864000	X	3879200	3880000	3.761246533062756e-06	2.6390158215457884
X	4206400	4207200	X	4280800	4281600	3.4740260158323726e-05	1.515716566510398
X	4412000	4412800	X	4425600	4426400	1.0870745414948146e-09	2.6390158215457884
X	4412000	4412800	X	4508000	4508800	0.0	1.515716566510398
X	4425600	4426400	X	4508000	4508800	6.539249922916442e-09	1.515716566510398
X	4508000	4508800	X	4528000	4528800	0.0012888545101085338	3.4822022531844965
X	4555200	4556000	X	4616800	4617600	1.1681387171608339e-05	2.6390158215457884
X	4555200	4556000	X	4588800	4589600	0.006885555207649656	2.6390158215457884
X	4555200	4556000	X	4596800	4597600	0.0036323301366557675	2.6390158215457884
X	4589600	4590400	X	4616800	4617600	1.7903666383347477e-05	1.515716566510398
X	4629600	4630400	X	4634400	4635200	0.00021726602091502682	1.515716566510398
X	4636000	4636800	X	4648000	4648800	4.06983954164275e-05	2.6390158215457884
X	12764800	12765600	X	13090400	13091200	4.605223393128188e-06	1.515716566510398
X	13194400	13195200	X	13241600	13242400	0.0	1.515716566510398
X	13213600	13214400	X	13256800	13257600	4.041317012462575e-06	1.515716566510398
X	13287200	13288000	X	13337600	13338400	0.005736476066248997	1.515716566510398
X	13288800	13289600	X	13294400	13295200	0.000842500883778932	2.6390158215457884
X	13414400	13415200	X	13419200	13420000	0.009563508377685905	1.515716566510398
X	13782400	13783200	X	13811200	13812000	0.0003223028148606846	1.515716566510398
X	13823200	13824000	X	13828800	13829600	0.008049749129698094	2.6390158215457884
X	13986400	13987200	X	14083200	14084000	0.00818320749640597	1.515716566510398
X	13995200	13996000	X	14037600	14038400	0.0001535512421518369	2.6390158215457884
X	13997600	13998400	X	14011200	14012000	0.0008609409432267234	1.515716566510398
X	14016000	14016800	X	14117600	14118400	0.003927886460743466	2.6390158215457884
X	6348000	6348800	X	6525600	6526400	0.002748163929321099	2.6390158215457884
X	6350400	6351200	X	6532800	6533600	0.00025190536099630134	2.6390158215457884
X	6359200	6360000	X	6526400	6527200	0.008052097227117774	3.031433133020796
X	6366400	6367200	X	6525600	6526400	0.00014132574761254886	2.6390158215457884
X	6366400	6367200	X	6532000	6532800	0.0005073036389936272	1.515716566510398
X	6372000	6372800	X	6524000	6524800	0.0	1.515716566510398
X	6372000	6372800	X	6532800	6533600	0.002748163929321099	1.515716566510398
X	6374400	6375200	X	6505600	6506400	0.0074379991171538064	1.515716566510398
X	6374400	6375200	X	6516000	6516800	0.003558894454213918	1.515716566510398
X	6376800	6377600	X	6522400	6523200	0.0001865262439298403	1.515716566510398
X	6380000	6380800	X	6515200	6516000	0.007225797344944727	3.031433133020796
X	6381600	6382400	X	6497600	6498400	0.0021556410181134073	1.515716566510398
X	6381600	6382400	X	6522400	6523200	0.0016286521442136	1.515716566510398
X	6386400	6387200	X	6489600	6490400	0.007465483700922766	1.515716566510398
X	6389600	6390400	X	6519200	6520000	0.00025596758460653415	3.031433133020796
X	6390400	6391200	X	6512800	6513600	0.0006630180369278138	2.6390158215457884
X	6404000	6404800	X	6490400	6491200	0.009262925467863482	2.6390158215457884
X	6533600	6534400	X	6653600	6654400	0.006061541694356807	1.515716566510398
X	6602400	6603200	X	6625600	6626400	0.007463100011278937	2.6390158215457884
X	6603200	6604000	X	6651200	6652000	0.004048014410951945	2.6390158215457884
X	6746400	6747200	X	6753600	6754400	0.005871930708250741	3.031433133020796
X	6854400	6855200	X	6867200	6868000	0.0044764451755792654	2.6390158215457884
X	6896800	6897600	X	6926400	6927200	0.000254723559274221	1.515716566510398
X	6981600	6982400	X	6998400	6999200	8.002161332608938e-05	1.515716566510398
X	6987200	6988000	X	6997600	6998400	0.00014132625184206445	2.6390158215457884
X	7015200	7016000	X	7066400	7067200	0.0	1.515716566510398
X	7015200	7016000	X	7073600	7074400	8.836878988585688e-06	1.515716566510398
X	7112000	7112800	X	7158400	7159200	0.0007436248482028528	2.6390158215457884
X	7112000	7112800	X	7136800	7137600	0.0043935540446732825	2.6390158215457884
X	7116000	7116800	X	7243200	7244000	2.2567503421555557e-12	1.515716566510398
X	7123200	7124000	X	7156000	7156800	0.0011579852479855091	2.6390158215457884
X	7161600	7162400	X	7240800	7241600	0.0	2.6390158215457884
X	7212800	7213600	X	7243200	7244000	1.5045002281037039e-12	1.515716566510398
X	7298400	7299200	X	7320800	7321600	0.0006780277661718248	3.031433133020796
X	7300000	7300800	X	7306400	7307200	0.008138242066801934	1.515716566510398
X	7307200	7308000	X	7320800	7321600	0.009041481858184475	2.6390158215457884
X	7349600	7350400	X	7521600	7522400	0.00842913519918993	1.515716566510398
X	7444800	7445600	X	7605600	7606400	0.0	2.6390158215457884
X	7444800	7445600	X	7627200	7628000	2.372811788323556e-10	2.6390158215457884
X	7605600	7606400	X	7627200	7628000	2.006000304138272e-12	3.031433133020796
X	7736000	7736800	X	7892800	7893600	0.0008126274780830053	1.515716566510398
X	7968000	7968800	X	8060000	8060800	0.00034505338723005375	2.6390158215457884
X	7989600	7990400	X	8000800	8001600	0.0052816626260069775	1.515716566510398
X	8179200	8180000	X	8206400	8207200	0.003630632940989236	2.6390158215457884
X	8192000	8192800	X	8209600	8210400	0.008226818694754216	2.6390158215457884
X	8244800	8245600	X	8249600	8250400	0.006482263622470897	3.031433133020796
X	8256800	8257600	X	8317600	8318400	0.0	1.515716566510398
X	8256800	8257600	X	8368800	8369600	0.0	1.515716566510398
X	8266400	8267200	X	8296800	8297600	0.0007597522891512387	1.515716566510398
X	8266400	8267200	X	8317600	8318400	8.172615694474393e-05	1.515716566510398
X	8266400	8267200	X	8368800	8369600	0.0	1.515716566510398
X	8274400	8275200	X	8396800	8397600	6.644885886915202e-07	3.4822022531844965
X	8280800	8281600	X	8388000	8388800	0.0004257325125357815	2.6390158215457884
X	8281600	8282400	X	8366400	8367200	0.005181022615561605	1.515716566510398
X	8400000	8400800	X	8405600	8406400	1.669031178974656e-05	1.515716566510398
X	8411200	8412000	X	8420800	8421600	1.986927251455726e-09	2.6390158215457884
X	8442400	8443200	X	8460000	8460800	1.7016361199119325e-08	3.4822022531844965
X	8456000	8456800	X	8464800	8465600	5.769836460463769e-12	1.515716566510398
X	8517600	8518400	X	8560000	8560800	0.001236101156858141	2.6390158215457884
X	8518400	8519200	X	8532800	8533600	0.0017738931344554079	2.6390158215457884
X	8624800	8625600	X	8650400	8651200	6.75491213644186e-05	1.515716566510398
X	8624800	8625600	X	8675200	8676000	0.0	3.4822022531844965
X	8651200	8652000	X	8675200	8676000	9.056436419666642e-05	2.6390158215457884
X	8721600	8722400	X	8837600	8838400	0.0	1.515716566510398
X	8723200	8724000	X	8830400	8831200	0.006173825334184821	2.6390158215457884
X	8724000	8724800	X	8845600	8846400	0.0017738931344554079	1.515716566510398
X	8732000	8732800	X	8827200	8828000	0.0011066776234172691	1.515716566510398
X	8757600	8758400	X	8805600	8806400	1.986927251455726e-09	1.515716566510398
X	8980000	8980800	X	9016800	9017600	0.0	1.515716566510398
X	9092800	9093600	X	9106400	9107200	1.5771684317269333e-06	1.515716566510398
X	9143200	9144000	X	9148000	9148800	0.007074586083159662	1.515716566510398
X	9284000	9284800	X	9305600	9306400	1.194145910359951e-09	1.515716566510398
X	9313600	9314400	X	9374400	9375200	6.254406099087168e-09	1.515716566510398
X	4687200	4688000	X	4908800	4909600	7.50608794070536e-06	3.031433133020796
X	4703200	4704000	X	4907200	4908000	0.007721351924718935	2.6390158215457884
X	4738400	4739200	X	4850400	4851200	0.006287919650375605	1.515716566510398
X	4823200	4824000	X	4871200	4872000	0.0	1.515716566510398
X	4909600	4910400	X	4936800	4937600	0.0032771109027117237	2.6390158215457884
X	4938400	4939200	X	5084000	5084800	7.462649264310605e-09	3.4822022531844965
X	5084000	5084800	X	5420000	5420800	1.4318882533324543e-05	1.515716566510398
X	5084800	5085600	X	5309600	5310400	0.0013182835466826594	1.515716566510398
X	5085600	5086400	X	5294400	5295200	4.154456045846189e-08	1.515716566510398
X	5085600	5086400	X	5316800	5317600	0.005462760839538605	1.515716566510398
X	5120000	5120800	X	5264000	5264800	0.009556452913273474	1.515716566510398
X	5152800	5153600	X	5289600	5290400	9.75770353545595e-07	1.515716566510398
X	5518400	5519200	X	5615200	5616000	3.39929057124877e-11	2.6390158215457884
X	5532000	5532800	X	5598400	5599200	0.0032258795479926375	3.4822022531844965
X	5533600	5534400	X	5611200	5612000	0.0018868592971806066	1.515716566510398
X	5536800	5537600	X	5609600	5610400	0.00131214782296712	3.4822022531844965
X	5560000	5560800	X	5593600	5594400	0.0	1.515716566510398
X	5704000	5704800	X	5734400	5735200	0.0006399139540549936	3.4822022531844965
X	5712000	5712800	X	5845600	5846400	0.0	1.515716566510398
X	5712000	5712800	X	5867200	5868000	0.0	1.515716566510398
X	5725600	5726400	X	5736800	5737600	0.004086388886013934	1.515716566510398
X	5775200	5776000	X	5867200	5868000	0.007849366405035519	1.515716566510398
X	5817600	5818400	X	5867200	5868000	3.6577860740294456e-11	1.515716566510398
X	5845600	5846400	X	5867200	5868000	2.1345623681310957e-12	1.515716566510398
X	5886400	5887200	X	5900000	5900800	2.3449343690919114e-05	2.6390158215457884
X	5919200	5920000	X	5934400	5935200	6.938084780366094e-05	2.6390158215457884
X	5979200	5980000	X	5992800	5993600	6.137729691293158e-06	1.515716566510398
X	5979200	5980000	X	6024000	6024800	0.0	1.515716566510398
X	5992000	5992800	X	6109600	6110400	5.496604130413337e-05	1.515716566510398
X	5992800	5993600	X	6034400	6035200	0.0	1.515716566510398
X	5993600	5994400	X	6024000	6024800	2.716946538994583e-06	1.515716566510398
X	6000800	6001600	X	6012800	6013600	0.0008167811480123064	1.515716566510398
X	6224800	6225600	X	6351200	6352000	0.0007800286438453115	1.515716566510398
X	6270400	6271200	X	6275200	6276000	0.004698842755708319	3.4822022531844965
X	9580000	9580800	X	9600000	9600800	0.000163728333507225	1.515716566510398
X	9660000	9660800	X	9664800	9665600	0.004506316014245517	1.515716566510398
X	9688000	9688800	X	9777600	9778400	0.00011379005166202021	1.515716566510398
X	9692800	9693600	X	9777600	9778400	0.0067528633877480945	1.515716566510398
X	9693600	9694400	X	9728800	9729600	4.00878458968495e-09	1.515716566510398
X	9777600	9778400	X	10009600	10010400	0.00011595150307367975	1.515716566510398
X	9795200	9796000	X	9939200	9940000	0.0037109867204485718	1.515716566510398
X	9840800	9841600	X	9880800	9881600	1.6944648010301106e-09	1.515716566510398
X	10048800	10049600	X	10156000	10156800	0.0	1.515716566510398
X	10087200	10088000	X	10212000	10212800	0.0008989906520151615	1.515716566510398
X	10088000	10088800	X	10116000	10116800	0.0004618908174759937	2.6390158215457884
X	10325600	10326400	X	10366400	10367200	0.003085087008685968	1.515716566510398
X	10368000	10368800	X	10384000	10384800	1.541091016017832e-05	2.6390158215457884
X	10385600	10386400	X	10460800	10461600	0.0006398820483265142	1.515716566510398
X	10438400	10439200	X	10488800	10489600	9.074771066872177e-08	1.515716566510398
X	10464800	10465600	X	10470400	10471200	6.739197569651334e-05	2.6390158215457884
X	10729600	10730400	X	10744000	10744800	0.0	1.515716566510398
X	10746400	10747200	X	10761600	10762400	0.004835935655252567	3.031433133020796
X	10920000	10920800	X	11040800	11041600	0.0	1.515716566510398
X	11090400	11091200	X	11107200	11108000	0.0009123310889098325	1.515716566510398
X	11109600	11110400	X	11122400	11123200	2.7043860370067147e-07	2.6390158215457884
X	11139200	11140000	X	11144800	11145600	0.006060699512335446	2.6390158215457884
X	22453600	22454400	X	23100000	23100800	0.00013836937581713834	1.515716566510398
X	22653600	22654400	X	22918400	22919200	0.0017985636204278603	1.515716566510398
X	22757600	22758400	X	22904800	22905600	0.00445700409266341	1.515716566510398
X	20764000	20764800	X	20999200	21000000	0.0003127156002237107	1.515716566510398
X	20780800	20781600	X	21004800	21005600	0.009315753790273367	1.515716566510398
X	20792800	20793600	X	20986400	20987200	0.005932548403136008	1.515716566510398
X	20929600	20930400	X	21005600	21006400	0.0	1.515716566510398
X	21035200	21036000	X	21052800	21053600	0.0004711863025656505	2.6390158215457884
X	21325600	21326400	X	21336800	21337600	0.009315753790273367	2.6390158215457884
X	21351200	21352000	X	21356000	21356800	0.0007013384160072165	1.515716566510398
X	21414400	21415200	X	21581600	21582400	0.00934100560022565	1.515716566510398
X	21456000	21456800	X	21507200	21508000	0.0005406523937191353	2.6390158215457884
X	14387200	14388000	X	14469600	14470400	7.505533694551758e-11	1.515716566510398
X	14387200	14388000	X	14512000	14512800	6.639902264379573e-11	1.515716566510398
X	14388000	14388800	X	14427200	14428000	0.005955942428479137	1.515716566510398
X	14426400	14427200	X	14469600	14470400	0.0	1.515716566510398
X	14426400	14427200	X	14512800	14513600	5.2716654571039564e-12	1.515716566510398
X	14469600	14470400	X	14512800	14513600	2.9243870483092476e-11	1.515716566510398
X	14653600	14654400	X	14749600	14750400	0.0	1.515716566510398
X	15175200	15176000	X	15292000	15292800	0.0	1.515716566510398
X	15555200	15556000	X	15575200	15576000	5.679613288501947e-08	1.515716566510398
X	15595200	15596000	X	15652800	15653600	0.0	1.515716566510398
X	15668000	15668800	X	15676800	15677600	6.401308055054805e-13	1.515716566510398
X	15715200	15716000	X	15729600	15730400	0.00423391540310511	2.6390158215457884
X	15875200	15876000	X	16383200	16384000	0.007708266863676588	1.515716566510398
X	15997600	15998400	X	16003200	16004000	0.0049475560844711875	1.515716566510398
X	16106400	16107200	X	16244000	16244800	7.747729944197517e-09	2.6390158215457884
X	16148800	16149600	X	16216800	16217600	0.0	2.6390158215457884
X	16220000	16220800	X	16241600	16242400	0.0012485392182215176	2.6390158215457884
X	16220800	16221600	X	16236800	16237600	0.0038813608414364413	2.6390158215457884
X	16320000	16320800	X	16332800	16333600	0.008368339948050293	1.515716566510398
X	16332800	16333600	X	16360000	16360800	0.00372051597746663	3.031433133020796
X	16447200	16448000	X	16598400	16599200	0.001754841946250096	1.515716566510398
X	16447200	16448000	X	16636800	16637600	0.006654785723522143	1.515716566510398
X	16557600	16558400	X	16566400	16567200	1.066296433865293e-11	1.515716566510398
X	16793600	16794400	X	17141600	17142400	0.007708266863676588	1.515716566510398
X	16921600	16922400	X	17057600	17058400	0.007920095335461655	1.515716566510398
X	16968000	16968800	X	17077600	17078400	0.000611562650176897	1.515716566510398
X	17150400	17151200	X	17157600	17158400	9.97671381382525e-05	2.6390158215457884
X	17304800	17305600	X	17421600	17422400	0.0	2.6390158215457884
X	17308000	17308800	X	17396000	17396800	0.006592072230933032	1.515716566510398
X	17313600	17314400	X	17345600	17346400	4.711959869937073e-06	1.515716566510398
X	17313600	17314400	X	17396800	17397600	0.0	1.515716566510398
X	17345600	17346400	X	17396800	17397600	1.2919514166820356e-08	1.515716566510398
X	17580000	17580800	X	17628800	17629600	0.0024099509286104456	3.4822022531844965
X	17637600	17638400	X	17649600	17650400	0.0024099509286104456	2.6390158215457884
X	17704000	17704800	X	17708800	17709600	0.0009050698224873429	1.515716566510398
X	17720800	17721600	X	17736000	17736800	3.846747481953858e-12	2.6390158215457884
X	17752000	17752800	X	17819200	17820000	0.0	2.6390158215457884
X	17766400	17767200	X	17788800	17789600	0.0	3.4822022531844965
X	17821600	17822400	X	17826400	17827200	0.0020915317964627727	1.515716566510398
X	17829600	17830400	X	17840000	17840800	0.0020293245375477705	2.6390158215457884
X	17878400	17879200	X	17885600	17886400	0.001963010715863372	1.515716566510398
X	17907200	17908000	X	18093600	18094400	0.0006877431843456683	2.6390158215457884
X	17912000	17912800	X	17923200	17924000	0.008807748031227636	2.6390158215457884
X	17936800	17937600	X	18062400	18063200	0.006213437653254718	1.515716566510398
X	18085600	18086400	X	18136800	18137600	0.003925697942499489	1.515716566510398
X	18243200	18244000	X	18311200	18312000	0.0	3.4822022531844965
X	18505600	18506400	X	18774400	18775200	4.569889223794511e-08	1.515716566510398
X	18665600	18666400	X	18692800	18693600	1.4854500345822746e-10	1.515716566510398
X	18929600	18930400	X	19028000	19028800	0.0	1.515716566510398
X	19162400	19163200	X	19175200	19176000	0.001534578217994066	1.515716566510398
X	19298400	19299200	X	19321600	19322400	0.006484867578072552	2.6390158215457884
X	19352800	19353600	X	19360800	19361600	1.3368165455088157e-07	1.515716566510398
X	19508000	19508800	X	19519200	19520000	0.0084414240160509	3.4822022531844965
X	19581600	19582400	X	19595200	19596000	0.0014820687629803321	3.031433133020796
X	19631200	19632000	X	19636800	19637600	0.006958093052074131	1.515716566510398
X	19865600	19866400	X	20159200	20160000	5.156024087682454e-07	1.515716566510398
X	19867200	19868000	X	19886400	19887200	0.0006554962576927187	2.6390158215457884
X	20096000	20096800	X	20111200	20112000	0.0	1.515716566510398
X	20168000	20168800	X	20236800	20237600	0.004476038001215066	2.6390158215457884
X	20251200	20252000	X	20393600	20394400	0.00016726011990048182	1.515716566510398
X	20257600	20258400	X	20364800	20365600	0.006990480043077256	1.515716566510398
X	20257600	20258400	X	20388800	20389600	1.4973120782462287e-12	3.031433133020796
X	20394400	20395200	X	20424000	20424800	0.002910861703888656	3.4822022531844965
X	20442400	20443200	X	20464800	20465600	0.0	1.515716566510398
X	20524800	20525600	X	20631200	20632000	0.0036757072022401034	1.515716566510398
X	20527200	20528000	X	20574400	20575200	0.0	1.515716566510398
X	20632000	20632800	X	20759200	20760000	3.442163487788448e-07	1.515716566510398
